Repository,Branch,Last Commit Date
project-adobe-commerce,1032,2023-07-14T09:56:50Z
project-adobe-commerce,1079,2023-07-14T14:28:38Z
project-adobe-commerce,1080,2023-07-21T14:24:21Z
project-adobe-commerce,BUNDLE-ONLY-FOR-NPG,2023-09-25T12:24:23Z
project-adobe-commerce,EM-734,2023-07-27T11:35:55Z
project-adobe-commerce,EM-805,2024-08-20T07:55:02Z
project-adobe-commerce,EM-817,2024-03-15T10:34:02Z
project-adobe-commerce,EM-848,2023-08-25T09:55:06Z
project-adobe-commerce,EM-853-SO,2023-07-04T06:11:34Z
project-adobe-commerce,EM-857,2023-10-26T13:38:59Z
project-adobe-commerce,EM-905,2023-06-26T08:20:41Z
project-adobe-commerce,EM-922,2023-07-11T07:52:04Z
project-adobe-commerce,EM-938,2023-06-19T18:31:16Z
project-adobe-commerce,EM-963,2023-08-03T07:31:19Z
project-adobe-commerce,EM-965,2023-06-20T05:37:54Z
project-adobe-commerce,EM-968,2023-06-21T10:57:39Z
project-adobe-commerce,EM-980,2023-07-05T06:50:11Z
project-adobe-commerce,EM-981,2023-07-06T07:33:04Z
project-adobe-commerce,EM-982,2023-12-16T06:04:13Z
project-adobe-commerce,EM-996,2023-06-27T23:06:12Z
project-adobe-commerce,EM-999,2023-09-29T05:13:55Z
project-adobe-commerce,EM-1001,2023-06-27T09:07:08Z
project-adobe-commerce,EM-1008,2023-06-27T12:00:10Z
project-adobe-commerce,EM-1009,2023-06-30T14:06:58Z
project-adobe-commerce,EM-1011,2023-08-14T13:09:13Z
project-adobe-commerce,EM-1014,2023-07-13T17:48:52Z
project-adobe-commerce,EM-1016,2023-06-27T03:31:18Z
project-adobe-commerce,EM-1017,2023-07-04T13:09:59Z
project-adobe-commerce,EM-1041,2023-06-27T16:32:27Z
project-adobe-commerce,EM-1072,2023-07-11T16:31:07Z
Concourse-NG,No branches or repo not found,N/A
myMTN-NG-App-DXL,master,2023-04-20T20:09:48Z
myMTN-NG-App-DXL,security-scans,2023-04-20T20:09:48Z
myMTNNG_Web,Auth0_gmail_logout,2023-04-27T09:58:42Z
myMTNNG_Web,MPUL-39,2022-11-13T15:23:41Z
myMTNNG_Web,MPUL-534-frontend,2023-07-11T15:57:47Z
myMTNNG_Web,MPUL-539,2023-09-20T15:38:30Z
myMTNNG_Web,MPUL-672-preprod,2023-10-06T07:55:59Z
myMTNNG_Web,MPUL-672,2023-09-21T08:56:03Z
myMTNNG_Web,MPUL-890,2024-05-16T12:49:59Z
myMTNNG_Web,MPUL-G,2023-05-18T16:27:19Z
myMTNNG_Web,MPUL-remove-phone,2023-05-30T09:58:29Z
myMTNNG_Web,MPUL-spell-bee-fix,2023-09-08T13:17:00Z
myMTNNG_Web,MPUL-yelloverse,2024-05-23T15:03:53Z
myMTNNG_Web,NPG_airtime_buybundle,2023-04-25T09:07:53Z
myMTNNG_Web,NPG_airtime_changes,2023-04-26T11:35:44Z
myMTNNG_Web,NPG_bug_resolved_27apr,2023-04-27T08:19:42Z
myMTNNG_Web,NPG_buy_bundle_new,2023-04-24T09:19:36Z
myMTNNG_Web,NPG_chage_product_id,2023-04-25T12:46:27Z
myMTNNG_Web,NPG_changes_28,2023-04-28T12:25:56Z
myMTNNG_Web,NPG_chnages_27,2023-04-27T15:51:08Z
myMTNNG_Web,NPG_custom_report,2023-04-24T14:26:17Z
myMTNNG_Web,Next,2023-04-29T07:59:27Z
myMTNNG_Web,PLAY-000-Daas-report-functionality-with-configurable,2023-02-27T19:46:04Z
myMTNNG_Web,PLAY-000-add-channel-parameter-in-kyc-api,2023-11-10T11:37:32Z
myMTNNG_Web,PLAY-000-added-roboot-and-composer-changes,2023-02-26T18:05:12Z
myMTNNG_Web,PLAY-000-auth0-jwt-deprecated,2023-11-07T20:23:16Z
myMTNNG_Web,PLAY-000-dynamic-button-option-select-on-partner-paragraph,2023-02-13T19:57:32Z
myMTNNG_Web,PLAY-000-search-issue,2023-11-07T21:24:43Z
myMTNNG_Web,PLAY-344-section-category-rule,2023-02-10T07:19:37Z
myMTNNG_Web,PLAY-365-faq,2022-12-08T10:42:58Z
myMTNNG_Web,PLAY-365-faq-general,2022-12-08T09:59:37Z
myMTNNG_Web,PLAY-429-secure-admin-changes,2023-02-21T17:35:29Z
terraform-azurerm-caf,Mobizinc-app_settings,2022-04-18T05:45:33Z
terraform-azurerm-caf,agw-patch,2022-05-31T07:41:48Z
terraform-azurerm-caf,int-5.6.0,2022-07-02T10:13:32Z
terraform-azurerm-caf,int-azrm-3.7.0,2022-05-31T06:44:15Z
terraform-azurerm-caf,integration-gitlab,2021-03-29T12:44:39Z
terraform-azurerm-caf,integration-gitlab-support-variables,2021-03-29T20:13:06Z
terraform-azurerm-caf,main,2022-07-22T08:34:58Z
terraform-azurerm-caf,patch.ad.group_owners,2022-04-28T14:44:21Z
terraform-azurerm-caf,patch.private_endpoint_dns,2022-03-21T00:28:49Z
terraform-azurerm-caf,patch.3.0,2022-03-28T08:48:48Z
terraform-azurerm-caf,sm-apim_custom_domain,2022-03-13T18:43:40Z
terraform-azurerm-caf,sm-azuread_graph,2022-07-15T07:33:52Z
terraform-azurerm-caf,sm-pr918,2022-02-28T09:47:27Z
terraform-azurerm-caf,sm-synapse,2022-03-14T00:57:32Z
terraform-azurerm-caf,sm-vmss_extensions,2022-03-01T02:11:49Z
terraform-azurerm-caf,sm-vmssextension,2022-02-08T02:02:16Z
terraform-azurerm-caf,vmss-naming-update,2022-04-19T08:08:50Z
Code-Management,NG_ESS_Test_ENV_01,2023-03-03T12:38:42Z
Code-Management,NG_ESS_Test_ENV_02,2023-03-09T14:20:32Z
Code-Management,ProdCode_BoostNigeria,2022-08-11T13:26:46Z
Code-Management,SITCode_BoostNigeria,
Code-Management,UATCode_BoostNigeria,2022-08-11T13:07:26Z
Code-Management,main,2022-08-18T11:22:40Z
Code-Management,security-scans,2022-08-18T11:22:40Z
TaaS_CLMAutomation,main,2022-08-26T13:26:39Z
TaaS_CLMAutomation,security-scans,2022-08-26T13:26:39Z
TaaS_BiosmartAutomation,codeql-config,2023-07-28T14:29:14Z
TaaS_BiosmartAutomation,main,2022-09-26T08:51:10Z
TaaS_BiosmartAutomation,security-scans,2022-09-26T08:51:10Z
TaaS_MyMTNWebAutomation,main,2022-09-26T09:15:44Z
TaaS_MyMTNWebAutomation,security-scans,2022-09-26T09:15:44Z
TaaS_PSBAutomation,main,2023-07-28T13:44:21Z
TaaS_PSBAutomation,security-scans,2022-08-26T14:39:11Z
TaaS_NIN799USSDAutomation,dependabot/maven/NIN799USSD/org.testng-testng-7.5.1,2023-07-25T20:57:21Z
TaaS_NIN799USSDAutomation,main,2022-08-26T14:46:14Z
TaaS_NIN799USSDAutomation,security-scans,2022-08-26T14:46:14Z
TaaS_MyMTNAppStaging,main,2022-08-30T10:27:42Z
TaaS_MyMTNAppStaging,security-scans,2022-08-30T10:27:42Z
TaaS_MyMTNAppProduction,main,2022-08-30T10:24:19Z
TaaS_MyMTNAppProduction,security-scans,2022-08-30T10:24:19Z
TaaS_NxtGenStaging,main,2022-08-30T10:34:17Z
TaaS_NxtGenStaging,security-scans,2022-08-30T10:34:17Z
TaaS_NxtGenProduction,codeql-config,2023-07-28T14:12:29Z
TaaS_NxtGenProduction,main,2022-09-26T10:02:56Z
TaaS_NxtGenProduction,security-scans,2022-09-26T10:02:56Z
TaaS_CDRExtraction,dependabot/maven/CDRSpool/org.springframework-spring-web-6.0.0,2023-09-27T10:27:36Z
TaaS_CDRExtraction,dependabot/maven/CDRSpool/org.springframework-spring-webmvc-5.2.20.RELEASE,2023-09-25T16:32:49Z
TaaS_CDRExtraction,dependabot/maven/CDRSpool/target/m2e-wtp/web-resources/META-INF/maven/CDRSpool/CDRSpool/org.springframework-spring-web-6.0.0,2023-09-27T10:27:25Z
TaaS_CDRExtraction,dependabot/maven/CDRSpool/target/m2e-wtp/web-resources/META-INF/maven/CDRSpool/CDRSpool/org.springframework-spring-webmvc-5.2.20.RELEASE,2023-09-25T16:32:35Z
TaaS_CDRExtraction,main,2022-09-26T08:46:11Z
TaaS_CDRExtraction,security-scans,2022-09-26T08:46:11Z
TaaS_TDM.git,,null
TaaS_TDM.git,,null
TaaS_TDM.git,,null
In_House_Dev,No branches or repo not found,N/A
TaaS_Chatbot,main,2022-09-26T08:43:46Z
TaaS_Chatbot,security-scans,2022-09-26T08:43:46Z
TaaS_USSDCodes,main,2022-09-26T08:44:35Z
TaaS_USSDCodes,security-scans,2022-09-26T08:44:35Z
TaaS_USSDCodes,snyk-upgrade-2b9922f5bd99fc6ca32de4c936a92f7e,2024-03-03T01:40:11Z
TaaS_USSDCodes,snyk-upgrade-9d14e0c625a57c431c78f0e37d9720cd,2024-03-03T01:40:14Z
DMS-2.git,,null
DMS-2.git,,null
DMS-2.git,,null
SSP-2.git,,null
SSP-2.git,,null
SSP-2.git,,null
myMTN-NG-Refund,dependabot/npm_and_yarn/backend/axios-1.6.0,2023-11-11T08:27:10Z
myMTN-NG-Refund,dependabot/npm_and_yarn/frontend/adobe/css-tools-4.3.1,2023-08-30T03:35:16Z
myMTN-NG-Refund,dependabot/npm_and_yarn/frontend/axios-1.6.0,2023-11-11T08:27:11Z
myMTN-NG-Refund,dependabot/npm_and_yarn/frontend/babel/traverse-7.23.2,2023-10-18T15:09:33Z
myMTN-NG-Refund,feat/authentication,2022-12-21T10:05:54Z
myMTN-NG-Refund,main,2022-12-20T18:24:01Z
myMTN-NG-Refund,security-scans,2022-12-20T18:24:01Z
myMTN-NG-Refund,snyk-upgrade-1e89af85c7996c400e8aeb9c756c5630,2024-03-02T23:12:33Z
myMTN-NG-Refund,snyk-upgrade-8f96794dbd88778d4b44b67597e42125,2024-03-02T23:12:42Z
myMTN-NG-Refund,snyk-upgrade-133bc2e773cf9abad71b03e7cb9554b0,2024-03-02T23:12:50Z
myMTN-NG-Refund,snyk-upgrade-39134c456daab294fb63446584863e9d,2024-03-02T23:12:46Z
myMTN-NG-Refund,snyk-upgrade-eec78544f68b30590edcb3eb3e4424a6,2024-03-02T23:12:38Z
web.git,,null
web.git,,null
web.git,,null
Activity-Tracker-Frontend,dependabot/npm_and_yarn/axios-1.6.0,2023-11-11T10:12:28Z
Activity-Tracker-Frontend,dependabot/npm_and_yarn/babel/traverse-7.23.2,2023-10-18T17:25:46Z
Activity-Tracker-Frontend,dependabot/npm_and_yarn/postcss-8.4.31,2023-10-07T11:23:23Z
Activity-Tracker-Frontend,dependabot/npm_and_yarn/semver-6.3.1,2023-07-22T17:20:39Z
Activity-Tracker-Frontend,dependabot/npm_and_yarn/vite-4.0.5,2023-07-22T17:20:43Z
Activity-Tracker-Frontend,dependabot/npm_and_yarn/webpack-5.88.2,2023-07-22T17:20:43Z
Activity-Tracker-Frontend,dev,2023-11-27T07:01:11Z
Activity-Tracker-Frontend,devsecops-main-check,2023-05-16T23:00:03Z
Activity-Tracker-Frontend,main,2023-05-16T23:00:03Z
Activity-Tracker-Frontend,snyk-upgrade-6d1e628758df4353e6122664aec3186b,2024-03-02T18:52:38Z
Activity-Tracker-Frontend,snyk-upgrade-df4f0efd6d1d2efd25532351344ea24a,2024-03-02T18:52:42Z
Activity-Tracker-Frontend,snyk-upgrade-e324406f0fe9a685b3622a9d804690ef,2024-03-02T18:52:46Z
Activity-Tracker-Backend,Joeasuquo-patch-1,2024-07-18T07:54:12Z
Activity-Tracker-Backend,Joeasuquo-sca-check,2024-02-07T12:39:35Z
Activity-Tracker-Backend,dependabot/npm_and_yarn/babel/traverse-7.23.2,2023-11-22T20:54:11Z
Activity-Tracker-Backend,dependabot/npm_and_yarn/browserify-sign-4.2.2,2023-11-22T20:54:32Z
Activity-Tracker-Backend,dependabot/npm_and_yarn/express-4.19.2,2024-03-29T02:22:38Z
Activity-Tracker-Backend,dependabot/npm_and_yarn/follow-redirects-1.15.6,2024-03-16T10:52:14Z
Activity-Tracker-Backend,dependabot/npm_and_yarn/json5-1.0.2,2023-06-02T10:27:30Z
Activity-Tracker-Backend,dependabot/npm_and_yarn/postcss-8.4.31,2023-10-07T11:23:28Z
Activity-Tracker-Backend,dependabot/npm_and_yarn/webpack-dev-middleware-5.3.4,2024-03-23T16:50:02Z
Activity-Tracker-Backend,dev,2023-11-24T19:41:26Z
Activity-Tracker-Backend,devsecops-main,2023-11-24T15:06:28Z
Activity-Tracker-Backend,devsecops-main2,2024-01-17T07:39:10Z
Activity-Tracker-Backend,devsecops-main-test,2024-01-31T13:24:58Z
Activity-Tracker-Backend,gkhhgcl-patch-1,2023-11-24T07:34:57Z
Activity-Tracker-Backend,main,2024-07-18T07:56:50Z
Activity-Tracker-Backend,stage,2023-11-24T16:40:18Z
Activity-Tracker-Backend,stage-test,2023-11-24T08:12:23Z
myMTNNG_App_Config,main,2023-01-18T12:37:31Z
myMTNNG_App_Config,security-scans,2023-01-18T12:37:31Z
After-Sales-Support,af-be-dev,2024-04-02T10:43:30Z
After-Sales-Support,af-be-prod,2024-03-07T13:53:08Z
After-Sales-Support,af-be-stage,2024-04-10T08:24:14Z
After-Sales-Support,ans-prod,2024-01-24T13:50:40Z
After-Sales-Support,backend,2024-03-07T13:43:06Z
After-Sales-Support,backend-v2-dev,2024-03-20T18:46:57Z
After-Sales-Support,backend-v2-prod,2024-03-20T08:09:13Z
After-Sales-Support,backend-v2-stage,2024-03-20T08:09:13Z
After-Sales-Support,dev,2024-01-25T07:34:18Z
After-Sales-Support,dev-test,2023-11-15T05:58:00Z
After-Sales-Support,development,2024-05-29T17:21:02Z
After-Sales-Support,feature-backend-update,2024-01-18T20:19:21Z
After-Sales-Support,fetest,2023-11-15T10:18:48Z
After-Sales-Support,main,2023-01-19T11:49:17Z
After-Sales-Support,pullstage,2023-11-15T08:35:59Z
After-Sales-Support,stage,2024-04-10T07:01:38Z
Amazon-Tribe-Frontend,afolabi,2024-08-26T14:32:46Z
Amazon-Tribe-Frontend,akeyless-dev,2024-07-09T11:16:35Z
Amazon-Tribe-Frontend,az-frontend,2024-08-26T21:43:05Z
Amazon-Tribe-Frontend,backup-drop-12,2024-08-22T00:54:59Z
Amazon-Tribe-Frontend,backup-drop-13,2024-08-23T21:26:55Z
Amazon-Tribe-Frontend,dev,2024-08-26T14:56:36Z
Amazon-Tribe-Frontend,main,2024-08-26T21:25:07Z
Amazon-Tribe-Frontend,main-moses,2024-07-24T17:35:12Z
Amazon-Tribe-Frontend,main-moses-az,2024-07-25T23:39:22Z
Amazon-Tribe-Frontend,stage,2024-08-26T15:21:57Z
Amazon-Tribe-Backend,Trufflehog-in-CI,2023-10-01T17:44:30Z
Amazon-Tribe-Backend,az-backend,2024-08-21T22:58:16Z
Amazon-Tribe-Backend,az-drop-backup,2024-07-10T06:21:59Z
Amazon-Tribe-Backend,az-microservice_contract_prod,2024-10-04T05:59:22Z
Amazon-Tribe-Backend,back-drop-9,2024-07-25T22:16:15Z
Amazon-Tribe-Backend,backend-dev-1,2024-09-19T05:47:11Z
Amazon-Tribe-Backend,backend-stage-1,2023-10-13T17:17:23Z
Amazon-Tribe-Backend,dast,2023-10-11T09:36:54Z
Amazon-Tribe-Backend,dependabot/npm_and_yarn/laravel-vite-plugin-0.8.1,2023-10-02T00:50:10Z
Amazon-Tribe-Backend,dev,2024-09-19T05:49:44Z
Amazon-Tribe-Backend,devops/fix-3,2023-11-07T13:22:46Z
Amazon-Tribe-Backend,devops-patch-9,2024-05-27T08:18:58Z
Amazon-Tribe-Backend,drop2-backup,2023-06-21T04:36:43Z
Amazon-Tribe-Backend,drop3-backup,2023-08-11T03:24:43Z
Amazon-Tribe-Backend,drop4-backup,2023-09-08T18:47:46Z
Amazon-Tribe-Backend,feature/contract/dev,2024-10-04T05:48:25Z
Amazon-Tribe-Backend,gkhhgcl-patch-7,2024-04-18T04:05:57Z
Amazon-Tribe-Backend,gkhhgcl-patch-8,2024-04-27T11:29:18Z
Amazon-Tribe-Backend,gkhhgcl-patch-9,2024-05-08T03:54:27Z
Amazon-Tribe-Backend,gkhhgcl-patch-10,2024-04-18T04:27:55Z
Amazon-Tribe-Backend,gkhhgcl-patch-11,2024-05-08T07:02:51Z
Amazon-Tribe-Backend,gkhhgcl-patch-12,2024-05-08T08:19:29Z
Amazon-Tribe-Backend,gkhhgcl-patch-13,2024-05-08T08:24:26Z
Amazon-Tribe-Backend,gkhhgcl-patch-14,2024-05-08T08:48:51Z
Amazon-Tribe-Backend,gkhhgcl-patch-15,2024-05-08T08:54:50Z
Amazon-Tribe-Backend,gkhhgcl-patch-16,2024-05-08T08:57:47Z
Amazon-Tribe-Backend,gkhhgcl-patch-17,2024-05-08T09:30:56Z
Amazon-Tribe-Backend,gkhhgcl-patch-18,2024-05-08T10:20:38Z
Amazon-Tribe-Backend,gkhhgcl-patch-19,2024-05-08T11:23:32Z
Amazon-Tribe-Backend,gkhhgcl-patch-20,2024-05-08T12:44:46Z
DMS-Third-Party-Service,Ikechukwu-Akandu-patch-1,2024-08-26T08:47:10Z
DMS-Third-Party-Service,cicd-backend-dev,2023-03-02T09:55:32Z
DMS-Third-Party-Service,dast,2023-10-12T08:45:08Z
DMS-Third-Party-Service,dependabot/composer/aws/aws-sdk-php-3.295.7,2024-01-08T16:46:04Z
DMS-Third-Party-Service,dependabot/composer/phpseclib/phpseclib-3.0.36,2024-03-04T21:21:58Z
DMS-Third-Party-Service,dev,2024-09-12T23:23:29Z
DMS-Third-Party-Service,devsecops-dev,2024-03-27T08:16:25Z
DMS-Third-Party-Service,holder,2024-09-12T22:58:11Z
DMS-Third-Party-Service,main,2024-08-26T08:50:52Z
DMS-Third-Party-Service,modify,2024-07-08T16:08:24Z
DMS-Third-Party-Service,production,2023-03-04T19:58:58Z
DMS-Third-Party-Service,security-scans,2023-07-28T15:33:02Z
DMS-Third-Party-Service,thirdparty-tz,2024-02-15T07:50:18Z
DMS-Third-Party-Service,tp-dev,2023-06-08T13:14:01Z
PPP-API.git,,null
PPP-API.git,,null
PPP-API.git,,null
Design-Council,main,2023-01-27T16:44:49Z
Design-Council,security-scans,2023-01-27T16:44:49Z
mtnn_fleet_app,drop-one,2023-12-05T21:00:02Z
mtnn_fleet_app,drop-two,2024-05-25T20:39:50Z
mtnn_fleet_app,main,2023-11-30T08:11:01Z
mtnn_fleet_app,main-dev,2023-12-03T22:14:12Z
mtnn_fleet_app,security-scans,2023-07-18T23:53:15Z
MTN-CAREER-FAIR,ansible_fe,2023-03-31T09:37:55Z
MTN-CAREER-FAIR,ansible,2023-04-03T11:07:43Z
MTN-CAREER-FAIR,api-dev,2023-09-26T12:57:53Z
MTN-CAREER-FAIR,dast,2023-10-12T09:15:07Z
MTN-CAREER-FAIR,dev_frontend,2023-11-29T20:43:08Z
MTN-CAREER-FAIR,dev,2023-08-25T11:22:34Z
MTN-CAREER-FAIR,devdevfe,2023-06-01T10:18:10Z
MTN-CAREER-FAIR,feat/pulseEvent,2023-08-30T11:23:50Z
MTN-CAREER-FAIR,feature/api,2023-08-25T11:21:45Z
MTN-CAREER-FAIR,feature/frontend,2023-03-13T07:44:48Z
MTN-CAREER-FAIR,frontend,2023-02-07T14:35:16Z
MTN-CAREER-FAIR,main,2023-06-02T08:12:03Z
MTN-CAREER-FAIR,new-api,2023-10-15T21:54:11Z
MTN-CAREER-FAIR,oluwadamilare-akinbode-patch-1,2023-06-02T08:11:46Z
MTN-CAREER-FAIR,prod_api,2023-10-13T13:31:10Z
MTN-CAREER-FAIR,prod_backend,2023-08-25T09:04:31Z
MTN-CAREER-FAIR,prod_frontend,2023-11-29T12:44:48Z
MTN-CAREER-FAIR,pulse/feat,2023-11-07T07:02:58Z
MTN-CAREER-FAIR,pulse_frontend_prod,2023-08-25T10:31:51Z
MTN-CAREER-FAIR,pulse_frontend_stage,2023-08-25T10:42:10Z
MTN-CAREER-FAIR,pulse_frontend,2023-08-31T17:10:05Z
MTN-CAREER-FAIR,revert-53-security_resolve,2023-03-31T13:56:32Z
MTN-CAREER-FAIR,security_resolve,2023-04-27T15:03:07Z
MTN-CAREER-FAIR,security-scans,2023-07-28T15:40:41Z
MTN-CAREER-FAIR,stage_backend,2023-08-25T11:35:59Z
MTN-CAREER-FAIR,stage_frontend,2023-11-29T20:33:09Z
MTN-CAREER-FAIR,test2,2023-02-09T07:32:23Z
Avatar-Portal,az-prod,2024-04-05T07:16:22Z
Avatar-Portal,base_image,2023-05-11T14:28:56Z
Avatar-Portal,codespace-babatunde-fatai-h-fantastic-space-ww769g6xpppf7xg,2023-06-04T10:14:15Z
Avatar-Portal,cros_error,2024-01-22T13:52:21Z
Avatar-Portal,dast,2023-10-11T08:36:42Z
Avatar-Portal,dependabot/npm_and_yarn/axios-1.6.0,2023-11-11T12:02:06Z
Avatar-Portal,dependabot/npm_and_yarn/babel/traverse-7.23.3,2023-11-16T11:11:57Z
Avatar-Portal,dependabot/npm_and_yarn/postcss-8.4.31,2023-10-12T09:20:04Z
Avatar-Portal,dependabot/npm_and_yarn/vite-4.4.12,2023-12-06T00:20:37Z
Avatar-Portal,dev_frontend,2024-05-17T13:41:49Z
Avatar-Portal,devsecops-main,2024-01-23T12:30:10Z
Avatar-Portal,devsecops-stage,2023-12-07T09:45:07Z
Avatar-Portal,fixes_to_dev,2024-01-12T13:14:37Z
Avatar-Portal,frontend,2023-07-17T17:49:37Z
Avatar-Portal,gkhhgcl-non-root,2024-03-07T07:24:39Z
Avatar-Portal,gkhhgcl-patch-1,2023-05-12T13:10:46Z
Avatar-Portal,gkhhgcl-patch-2,2023-07-26T07:36:10Z
Avatar-Portal,gkhhgcl-patch-3,2023-07-26T07:39:42Z
Avatar-Portal,gkhhgcl-patch-4,2023-07-26T07:43:27Z
Avatar-Portal,gkhhgcl-patch-5,2023-07-26T12:27:37Z
Avatar-Portal,gkhhgcl-patch-6,2023-07-26T14:39:33Z
Avatar-Portal,gkhhgcl-patch-7,2023-08-08T17:43:04Z
Avatar-Portal,gkhhgcl-patch-8,2023-08-28T10:47:41Z
Avatar-Portal,gkhhgcl-patch-9,2023-11-21T02:05:34Z
Avatar-Portal,gkhhgcl-patch-10,2023-11-21T03:14:20Z
Avatar-Portal,gkhhgcl-patch-11,2024-02-19T08:00:13Z
Avatar-Portal,joe/deployment-fix,2024-01-09T09:42:47Z
Avatar-Portal,joe/xureal-auth,2023-12-20T19:26:13Z
Avatar-Portal,main,2024-02-19T08:04:14Z
Avatar-Portal,main-fix,2024-02-19T06:40:10Z
APP-PAD-Frontend,ansible,2023-05-11T09:14:16Z
APP-PAD-Frontend,dast,2023-10-11T10:40:14Z
APP-PAD-Frontend,dependabot/npm_and_yarn/axios-1.6.0,2023-11-11T11:33:18Z
APP-PAD-Frontend,dependabot/npm_and_yarn/next-13.5.0,2023-10-25T04:34:48Z
APP-PAD-Frontend,dependabot/npm_and_yarn/postcss-8.4.31,2023-10-07T01:16:22Z
APP-PAD-Frontend,dependabot/npm_and_yarn/word-wrap-1.2.5,2023-10-01T19:01:50Z
APP-PAD-Frontend,dev,2023-11-30T11:25:38Z
APP-PAD-Frontend,devsecops-dev,2023-11-30T11:02:58Z
APP-PAD-Frontend,devsecops-main,2024-01-23T10:49:06Z
APP-PAD-Frontend,main,2023-04-13T07:29:51Z
APP-PAD-Frontend,security-scans,2023-07-28T08:30:19Z
APP-PAD-Frontend,snyk-upgrade-36d562cf0623eae0964941b5d81ad9cf,2024-03-02T20:19:41Z
APP-PAD-Frontend,snyk-upgrade-caf33a3df9dc7a277de10b9e27e3a84d,2024-03-02T20:19:52Z
APP-PAD-Frontend,snyk-upgrade-ccf6147ad8c107634e9e2465a6d62884,2024-03-02T20:19:47Z
APP-PAD-Frontend,snyk-upgrade-d4fd510173bcb4a0e2d4683a28440568,2024-03-02T20:19:35Z
APP-PAD-Frontend,snyk-upgrade-f3b0824cd435aa285d1a3d2688ea8219,2024-03-02T20:19:57Z
APP-PAD-Frontend,stage,2023-11-30T11:41:41Z
APP-PAD-Frontend,test,2024-05-09T12:49:53Z
APP-PAD-Frontend,trufflehog-in-CI,2023-10-01T18:59:32Z
APP-PAD-Backend,Joeasuquo-patch-1,2023-12-01T08:49:13Z
APP-PAD-Backend,ansible,2023-05-08T20:24:41Z
APP-PAD-Backend,dast,2023-10-11T10:50:51Z
APP-PAD-Backend,dev,2024-04-05T08:53:40Z
APP-PAD-Backend,devsecops-stage,2024-01-23T09:57:10Z
APP-PAD-Backend,main,2023-03-15T13:31:09Z
APP-PAD-Backend,security-scans,2023-07-28T08:00:56Z
APP-PAD-Backend,stage,2023-12-01T08:53:20Z
NPG-myMTN.git,,null
NPG-myMTN.git,,null
NPG-myMTN.git,,null
myMTN-NG-Core,PROD-17MAR,2022-03-17T08:58:41Z
myMTN-NG-Core,develop,2023-03-09T13:23:46Z
myMTN-NG-Core,main,2023-03-30T10:37:07Z
myMTN-NG-Core,master,2021-07-12T15:58:25Z
myMTN-NG-Core,release/app_version_1.4.1_2,2023-03-29T10:24:38Z
myMTN-NG-Core,security-scans,2021-07-12T15:58:25Z
myMTN-NG-Core,snyk-upgrade-112322a7e6b14c2dfe4d50c4aa136e07,2024-03-02T14:23:53Z
Avatar_portal_backend,az-prod,2024-06-21T11:07:11Z
Avatar_portal_backend,dependabot/npm_and_yarn/braces-3.0.3,2024-07-19T07:49:41Z
Avatar_portal_backend,dev,2024-06-21T17:55:29Z
Avatar_portal_backend,main,2024-04-19T20:37:58Z
SME-Hive.git,,null
SME-Hive.git,,null
SME-Hive.git,,null
Enterprise_License_Manager,Joeasuquo-patch-1,2024-10-04T11:02:57Z
Enterprise_License_Manager,Joeasuquo-patch-2,2023-12-19T12:04:27Z
Enterprise_License_Manager,Joeasuquo-patch-3,2024-01-04T09:38:25Z
Enterprise_License_Manager,dan/changes,2024-04-20T15:40:58Z
Enterprise_License_Manager,deev,2024-10-04T09:55:42Z
Enterprise_License_Manager,dependabot/npm_and_yarn/axios-1.6.0,2023-11-11T11:33:18Z
Enterprise_License_Manager,dependabot/npm_and_yarn/braces-3.0.3,2024-06-20T21:39:15Z
Enterprise_License_Manager,dependabot/npm_and_yarn/next-14.1.1,2024-05-10T03:46:36Z
Enterprise_License_Manager,dependabot/npm_and_yarn/postcss-8.4.31,2023-10-07T01:16:24Z
Enterprise_License_Manager,dev,2024-10-08T09:20:09Z
Enterprise_License_Manager,devsecops,2023-12-19T10:57:04Z
Enterprise_License_Manager,devsecops-main,2024-01-04T07:34:27Z
Enterprise_License_Manager,main,2024-04-20T15:42:54Z
Enterprise_License_Manager,new-app/dev,2024-07-21T18:47:46Z
Enterprise_License_Manager,new-ui-conv,2024-09-18T05:16:09Z
Enterprise_License_Manager,security-scans,2023-06-08T10:16:55Z
Enterprise_License_Manager,test,2024-10-04T09:55:42Z
Design_Coucil_frontend,main,2023-03-30T18:47:30Z
Design_Coucil_frontend,security-scans,2023-03-30T18:47:30Z
Design_Council,dependabot/npm_and_yarn/axios-1.6.0,2023-11-11T12:16:26Z
Design_Council,dependabot/npm_and_yarn/next-13.5.0,2023-10-25T03:40:14Z
Design_Council,dependabot/npm_and_yarn/next-auth-4.24.5,2023-11-20T23:42:00Z
Design_Council,dependabot/npm_and_yarn/postcss-8.4.31,2023-10-07T01:16:27Z
Design_Council,dependabot/npm_and_yarn/semver-6.3.1,2023-09-26T11:00:00Z
Design_Council,dependabot/npm_and_yarn/word-wrap-1.2.5,2023-09-26T11:00:00Z
Design_Council,main,2023-10-16T13:41:39Z
Design_Council,security-scans,2023-04-21T05:50:05Z
ng-tkgi-platform,autofix/alert-10-2c52d49938,2024-07-26T10:25:30Z
ng-tkgi-platform,main,2024-07-26T10:31:26Z
ng-tkgi-platform,security-scans,2023-05-31T08:44:04Z
PrestigeAirport_Frontend,Bug-fix,2023-08-01T13:27:46Z
PrestigeAirport_Frontend,ch/bug-fix,2023-08-18T12:34:09Z
PrestigeAirport_Frontend,dan,2024-02-16T09:05:31Z
PrestigeAirport_Frontend,dast,2023-10-12T09:29:49Z
PrestigeAirport_Frontend,debugging,2023-07-10T13:45:46Z
PrestigeAirport_Frontend,dependabot/npm_and_yarn/axios-1.6.8,2024-04-19T20:12:24Z
PrestigeAirport_Frontend,dependabot/npm_and_yarn/follow-redirects-1.15.6,2024-04-19T20:12:23Z
PrestigeAirport_Frontend,dependabot/npm_and_yarn/jose-4.15.5,2024-04-19T20:12:25Z
PrestigeAirport_Frontend,dependabot/npm_and_yarn/mysql2-3.9.4,2024-04-19T20:13:05Z
PrestigeAirport_Frontend,dependabot/npm_and_yarn/next-13.5.0,2023-10-25T05:21:28Z
PrestigeAirport_Frontend,dependabot/npm_and_yarn/next-auth-4.24.5,2023-11-20T23:57:40Z
PrestigeAirport_Frontend,dependabot/npm_and_yarn/postcss-8.4.31,2023-10-05T15:18:05Z
PrestigeAirport_Frontend,dependabot/npm_and_yarn/tar-6.2.1,2024-04-19T20:12:24Z
PrestigeAirport_Frontend,dev_edits,2023-08-10T07:47:20Z
PrestigeAirport_Frontend,dev,2024-04-25T12:52:37Z
PrestigeAirport_Frontend,devsec-dev,2024-02-16T09:57:03Z
PrestigeAirport_Frontend,devsecops-patch-1,2023-11-29T21:22:10Z
PrestigeAirport_Frontend,encryption,2023-09-25T08:52:06Z
PrestigeAirport_Frontend,error-handling,2023-09-22T13:16:47Z
PrestigeAirport_Frontend,feature/aes256-encryption,2023-08-22T09:52:34Z
PrestigeAirport_Frontend,fix/bug,2023-09-13T00:15:46Z
PrestigeAirport_Frontend,fix/db_prod_config,2023-07-12T09:12:45Z
PrestigeAirport_Frontend,fixes,2023-10-12T12:59:07Z
PrestigeAirport_Frontend,fx/appRestart,2023-09-20T12:51:18Z
PrestigeAirport_Frontend,fx/bug-fix,2023-09-13T11:53:52Z
PrestigeAirport_Frontend,fx/fix,2024-01-24T06:05:45Z
PrestigeAirport_Frontend,gkhhcl-fix1/main,2023-06-15T14:11:41Z
PrestigeAirport_Frontend,gkhhgcl-patch-1,2023-07-12T08:10:27Z
PrestigeAirport_Frontend,gkhhgcl-patch-2,2024-01-23T07:51:09Z
PrestigeAirport_Frontend,gkhhgcl-patch-3,2024-01-24T06:14:51Z
myMTNNG_Play,PLAY-1194-playpreprod,2024-09-05T09:14:49Z
myMTNNG_Play,ckeditor-readmore-remove-button,2024-06-15T20:36:12Z
myMTNNG_Play,dependabot/npm_and_yarn/core/ws-8.17.1,2024-06-18T21:45:16Z
myMTNNG_Play,dependabot/npm_and_yarn/libraries/dompurify/socket.io-4.7.5,2024-06-19T19:16:31Z
myMTNNG_Play,dependabot/npm_and_yarn/modules/contrib/ckeditor_font/js/webpack-5.94.0,2024-08-29T23:01:35Z
myMTNNG_Play,dependabot/npm_and_yarn/modules/contrib/paragraphs/css/decode-uri-component-0.2.2,2024-06-04T07:00:30Z
myMTNNG_Play,dependabot/npm_and_yarn/modules/contrib/paragraphs/css/es5-ext-0.10.64,2024-06-04T07:00:06Z
myMTNNG_Play,dependabot/npm_and_yarn/modules/contrib/paragraphs/css/lodash-4.17.21,2024-06-04T07:00:06Z
myMTNNG_Play,dependabot/npm_and_yarn/modules/contrib/paragraphs/css/minimist-1.2.8,2024-06-04T07:00:05Z
myMTNNG_Play,dependabot/npm_and_yarn/modules/contrib/paragraphs/css/multi-7d42451eb5,2024-06-11T08:16:36Z
myMTNNG_Play,dependabot/npm_and_yarn/modules/contrib/paragraphs/css/multi-411513605d,2024-06-04T07:01:02Z
myMTNNG_Play,dependabot/npm_and_yarn/modules/contrib/paragraphs/css/multi-d2f6d09699,2024-06-04T07:00:28Z
myMTNNG_Play,dependabot/npm_and_yarn/modules/contrib/paragraphs/css/qs-6.5.3,2024-06-04T07:00:05Z
myMTNNG_Play,flexa_bug,2024-08-29T11:38:12Z
myMTNNG_Play,flexa_order,2024-09-03T11:57:44Z
myMTNNG_Play,flexa-enhancement,2024-07-23T09:38:13Z
myMTNNG_Play,flexa-enhansment,2024-06-10T18:29:38Z
myMTNNG_Play,gtm-test,2024-06-11T16:54:17Z
myMTNNG_Play,header-enrichment-ipification,2024-07-26T06:43:22Z
myMTNNG_Play,main,2024-06-04T07:05:16Z
myMTNNG_Play,my-order-fixes,2024-07-15T11:59:10Z
myMTNNG_Play,play/independence-day,2024-09-30T11:04:15Z
myMTNNG_Play,play/manohar,2024-07-01T12:33:58Z
myMTNNG_Play,play/quick-fix,2024-08-20T07:57:01Z
myMTNNG_Play,play/release-33,2024-08-19T14:47:50Z
myMTNNG_Play,play/release-flexa,2024-09-25T23:05:27Z
myMTNNG_Play,play/sprint-32-arvind,2024-06-20T17:18:21Z
myMTNNG_Play,play/tushar,2024-07-08T06:37:57Z
myMTNNG_Play,playpreprod,2024-10-09T08:38:01Z
myMTNNG_Play,playprod,2024-09-30T11:08:15Z
myMTNNG_Mpulse,MPUL-yelloverse,2024-05-20T05:48:39Z
myMTNNG_Mpulse,cookie_consent_prod,2024-05-31T16:35:20Z
myMTNNG_Mpulse,feature/seo,2024-06-21T10:46:11Z
myMTNNG_Mpulse,fix/seo,2024-07-15T19:17:47Z
myMTNNG_Mpulse,main,2023-05-19T13:51:03Z
myMTNNG_Mpulse,mpulsedev,2024-05-07T09:00:51Z
myMTNNG_Mpulse,mpulsepreprod,2024-10-08T15:58:58Z
myMTNNG_Mpulse,mpulsepreprod_6june,2024-10-08T15:58:07Z
myMTNNG_Mpulse,mpulseprod,2024-09-18T19:03:20Z
myMTNNG_Mpulse,mpulseprod_2july,2024-07-08T21:38:36Z
myMTNNG_Mpulse,mpulseprod_23may,2024-05-24T11:28:52Z
myMTNNG_Mpulse,security-scans,2023-05-19T13:51:03Z
myMTNNG_Mpulse,sprint_23,2024-08-12T17:49:15Z
myMTNNG_Mpulse,sprint_24,2024-08-25T16:00:56Z
myMTNNG_Mpulse,sprint_26,2024-09-18T19:01:50Z
SME-HIVE-Fronted,Trivy,2023-06-13T09:59:06Z
SME-HIVE-Fronted,admin-fe-dev,2024-10-08T23:31:10Z
SME-HIVE-Fronted,admin-fe-prod,2024-04-19T14:44:50Z
SME-HIVE-Fronted,admin-fe-stage,2024-10-08T23:34:59Z
SME-HIVE-Fronted,admin-test,2024-03-08T04:58:53Z
SME-HIVE-Fronted,auth0,2023-10-11T14:07:41Z
SME-HIVE-Fronted,az-admin-fe-prod,2024-04-19T16:17:06Z
SME-HIVE-Fronted,az-fe-prod,2024-07-01T08:12:54Z
SME-HIVE-Fronted,card/cms-add-card,2024-01-31T00:47:40Z
SME-HIVE-Fronted,chore/add-deactivated-tab-sp-approval,2024-01-22T20:52:53Z
SME-HIVE-Fronted,chore/approval-Registration-date,2024-01-25T18:23:42Z
SME-HIVE-Fronted,chore/change-text-from-pixel-to-rem,2024-07-01T08:43:04Z
SME-HIVE-Fronted,chore/clean-up,2024-04-13T02:08:32Z
SME-HIVE-Fronted,chore/cms-herobanner-with-getResponse,2024-01-25T06:03:55Z
SME-HIVE-Fronted,chore/cms-quality-control,2024-10-08T23:30:11Z
SME-HIVE-Fronted,chore/feedback-fixes,2024-09-13T10:41:57Z
SME-HIVE-Fronted,chore/small-adjustment-and-cleanup,2024-03-11T13:25:33Z
SME-HIVE-Fronted,chore/version-compattibility-change-and-font-linking,2024-06-16T22:16:38Z
SME-HIVE-Fronted,chore-clean-ups,2023-11-30T19:49:54Z
SME-HIVE-Fronted,chore-enpoint-troubleshoot-azure,2024-04-19T14:41:28Z
SME-HIVE-Fronted,cms/access-area-1,2024-02-15T11:11:49Z
SME-HIVE-Fronted,cms/contact-us,2024-02-12T13:13:59Z
SME-HIVE-Fronted,cms/gallery,2024-02-02T15:03:17Z
SME-HIVE-Fronted,community,2024-10-08T08:36:07Z
SME-HIVE-Fronted,completion,2024-09-28T12:54:55Z
SME-HIVE-Fronted,conflict-res,2024-07-25T06:23:32Z
SME-HIVE-Fronted,dast,2023-10-12T10:24:31Z
SME-HIVE-Fronted,deps/dependecy-upgrade-with-cleanup,2024-02-13T20:48:48Z
SME-HIVE-Fronted,dev_admin_frontend,2023-08-11T11:16:41Z
SME-HIVE-Fronted,dev_web,2024-10-08T08:42:17Z
SODR_ANSIBLE,DBMS_PROD,2024-07-16T13:01:05Z
SODR_ANSIBLE,Demo-Branch,2024-02-27T14:25:05Z
SODR_ANSIBLE,VMWARE,2024-01-15T06:11:39Z
SODR_ANSIBLE,clm_production,2024-02-28T05:02:50Z
SODR_ANSIBLE,converge,2024-07-18T11:32:37Z
SODR_ANSIBLE,dbms,2024-08-09T11:05:45Z
SODR_ANSIBLE,dbms-uche,2024-07-24T02:41:57Z
SODR_ANSIBLE,demo-branch,2023-06-30T11:24:13Z
SODR_ANSIBLE,demo-usecase-dev,2024-10-09T11:14:23Z
SODR_ANSIBLE,lnx-usecase-dev,2024-01-17T05:16:14Z
SODR_ANSIBLE,main,2023-07-17T15:49:22Z
SODR_ANSIBLE,my_new_branch,2023-07-03T09:42:47Z
SODR_ANSIBLE,mynew-branch,2023-06-26T09:51:49Z
SODR_ANSIBLE,owc-dev,2023-07-05T05:46:09Z
SODR_ANSIBLE,owc-prod,2023-06-16T17:32:33Z
MOMO-APP.git,,null
MOMO-APP.git,,null
MOMO-APP.git,,null
OWC.git,,null
OWC.git,,null
OWC.git,,null
ESF.git,,null
ESF.git,,null
ESF.git,,null
OWC-Dev.git,,null
OWC-Dev.git,,null
OWC-Dev.git,,
ESF-Dev.git,,null
ESF-Dev.git,,null
ESF-Dev.git,,null
YelloVerse.git,,null
YelloVerse.git,,null
YelloVerse.git,,null
Prestige_Backend,main,2023-07-28T11:25:53Z
VOC_Frontend,az-prod,2024-06-25T09:33:49Z
VOC_Frontend,dev,2024-10-07T13:17:41Z
VOC_Frontend,gkhhgcl-patch-3,2024-08-23T11:18:03Z
VOC_Frontend,main,2024-03-01T11:13:58Z
VOC_Frontend,temi-dev,2024-10-07T13:16:15Z
VOC_Backend,HenryOE-patch-1,2024-05-21T11:42:40Z
VOC_Backend,az-prod,2024-07-17T20:03:00Z
VOC_Backend,dependabot/nuget/MTNVoiceOfCustomer.Utility/System.IdentityModel.Tokens.Jwt-6.34.0,2024-01-09T19:15:03Z
VOC_Backend,develop,2024-10-07T21:51:48Z
VOC_Backend,gkhhgcl-patch-1,2024-01-24T13:14:56Z
VOC_Backend,gkhhgcl-patch-2,2024-07-11T14:35:17Z
VOC_Backend,henry-dev,2024-10-07T21:47:08Z
VOC_Backend,main,2024-05-15T11:21:29Z
VOC_Backend,maro_dev2,2024-01-30T06:52:15Z
VOC_Backend,maro_dev3,2024-02-02T14:24:49Z
VOC_Backend,prodfix,2024-07-17T19:40:46Z
VOC_Backend,stage,2023-11-09T12:04:48Z
VOC_Backend,stage-test,2023-10-04T05:51:31Z
Helm-Charts,azure-dev,2024-01-31T04:41:54Z
Helm-Charts,azure-prod,2024-10-09T10:30:03Z
Helm-Charts,base-images,2024-03-19T11:36:45Z
Helm-Charts,dev,2024-10-09T11:37:27Z
Helm-Charts,main,2023-08-02T17:05:58Z
Helm-Charts,pre-prod,2024-10-07T09:46:01Z
Helm-Charts,prod,2024-10-09T10:34:56Z
Helm-Charts,stage,2024-10-08T13:59:31Z
myMTNNG.git,,null
myMTNNG.git,,null
myMTNNG.git,,null
MTN-GIFT-SPFX,No branches or repo not found,N/A
MTNConfirmation,No branches or repo not found,N/A
MTNPersona.git,,null
MTNPersona.git,,null
MTNPersona.git,,null
SSP-BACKOFFICE_1,add-tanstack,2023-12-07T15:23:52Z
SSP-BACKOFFICE_1,agents-branch,2023-12-07T12:36:08Z
SSP-BACKOFFICE_1,dependabot/npm_and_yarn/braces-3.0.3,2024-06-24T06:53:36Z
SSP-BACKOFFICE_1,dependabot/npm_and_yarn/next-14.1.1,2024-05-29T02:46:23Z
SSP-BACKOFFICE_1,develop,2024-10-09T09:04:36Z
SSP-BACKOFFICE_1,feat/lockPhone,2024-01-13T14:50:17Z
SSP-BACKOFFICE_1,feat/login,2023-11-17T20:27:46Z
SSP-BACKOFFICE_1,gkhhgcl-patch-1,2024-05-28T03:45:30Z
SSP-BACKOFFICE_1,gkhhgcl-patch-2,2024-05-28T04:10:31Z
SSP-BACKOFFICE_1,gkhhgcl-patch-3,2024-05-28T04:17:17Z
SSP-BACKOFFICE_1,main,2024-09-30T08:28:57Z
SSP-BACKOFFICE_1,revert-248-dependabot/npm_and_yarn/next-14.1.1,2024-05-29T02:38:03Z
SSP-BACKOFFICE_1,revert-268-revert-265-stage,2024-05-29T04:52:42Z
SSP-BACKOFFICE_1,snyk-upgrade-50e1cb790a61ea77aa754f2aed6f9bd8,2024-03-02T17:16:56Z
SSP-BACKOFFICE_1,snyk-upgrade-333fd4f8210725a36899b1e56e6fb9c0,2024-03-02T17:17:01Z
SSP-BACKOFFICE_1,snyk-upgrade-a835cf18604993372301db8e17d42ff7,2024-03-02T17:16:52Z
SSP-BACKOFFICE_1,snyk-upgrade-d592e7096a65712fc81100829686cb91,2024-03-02T17:16:47Z
SSP-BACKOFFICE_1,snyk-upgrade-e685cb1945bf561a21580de3c2da17f2,2024-03-02T17:16:41Z
SSP-BACKOFFICE_1,stage,2024-10-09T09:04:58Z
SSP-BACKOFFICE_1,test-branch,2024-10-09T09:03:52Z
Discussions,main,2023-11-09T11:41:02Z
Event_APP_Frontend,dev,2024-08-14T13:24:22Z
Event_APP_Frontend,eoy,2023-12-06T02:40:23Z
Event_APP_Frontend,main,2023-11-09T14:29:39Z
Event_APP_Frontend,stage,2023-11-29T20:24:02Z
Event_APP_Frontend,team-bondong,2024-08-14T13:17:20Z
Event_APP_Frontend,update-dev,2023-12-12T19:49:08Z
Event_APP_Frontend,valentine-shoutout,2024-02-13T11:28:06Z
Event_APP_Backend,dependabot/npm_and_yarn/class-validator-0.14.0,2024-02-13T14:25:13Z
Event_APP_Backend,dependabot/npm_and_yarn/follow-redirects-1.15.6,2024-03-17T00:17:26Z
Event_APP_Backend,dependabot/npm_and_yarn/jsonwebtoken-9.0.0,2024-02-13T14:25:18Z
Event_APP_Backend,dependabot/npm_and_yarn/tar-6.2.1,2024-04-11T14:45:38Z
Event_APP_Backend,dev,2024-08-14T12:22:51Z
Event_APP_Backend,main,2024-02-13T14:23:27Z
Event_APP_Backend,snyk-upgrade-3851e6b852dd20c3caf10aea17396b81,2024-03-03T03:17:31Z
Event_APP_Backend,stage,2024-08-14T13:28:10Z
Event_APP_Backend,team-bonding,2024-08-12T17:30:00Z
Event_APP_Backend,test-dev,2023-11-30T17:17:08Z
Smart-Store-API,Lalith-hhgcl-patch-1,2024-09-02T11:50:01Z
Smart-Store-API,api,2023-12-29T15:35:12Z
Smart-Store-API,bg-fix-admin,2024-10-08T10:10:36Z
Smart-Store-API,bg-fix-npfg-token,2023-12-13T12:40:03Z
Smart-Store-API,dev,2024-10-08T10:11:59Z
Smart-Store-API,devsecops-dev,2023-12-08T11:49:25Z
Smart-Store-API,devsecops-dev2,2023-12-18T09:44:18Z
Smart-Store-API,devsecops-main,2023-12-19T13:24:39Z
Smart-Store-API,feat-remove-secret,2024-10-03T17:20:46Z
Smart-Store-API,ft-add-retry,2023-12-11T21:53:44Z
Smart-Store-API,ft-added-pheripharals,2024-10-08T08:30:22Z
Smart-Store-API,ft-admin-auth,2024-04-05T09:42:21Z
Smart-Store-API,ft-change-madapi-auth-mechanism,2024-08-27T10:06:04Z
Smart-Store-API,ft-emit-event,2023-12-18T11:39:06Z
Smart-Store-API,ft-session-api,2024-10-07T19:52:15Z
Smart-Store-API,ft-smart-store-api,2023-12-08T00:23:17Z
Smart-Store-API,ft-submit-sim-swap,2023-12-18T20:33:47Z
Smart-Store-API,gkhhgcl-patch-1,2024-08-30T09:57:48Z
Smart-Store-API,good-branch,2023-12-15T21:12:04Z
Smart-Store-API,headless-api-npg,2024-10-09T11:47:55Z
Smart-Store-API,main,2024-10-04T06:40:17Z
Smart-Store-API,snyk-upgrade-1066b4fd07ec4e256e7a12aa6f004a2a,2024-03-02T16:31:34Z
Smart-Store-API,snyk-upgrade-4246b7b07eaf70360b98caa945a9afb4,2024-03-02T16:31:38Z
Smart-Store-API,snyk-upgrade-c60a5c1e3ca4625ae430c6497e1efce5,2024-03-02T16:31:47Z
Smart-Store-API,snyk-upgrade-d9e63deaf716f435e3b319ca9f0ecf50,2024-03-02T16:31:30Z
Smart-Store-API,snyk-upgrade-d1930b372a7effb785bc01e4aa3312b9,2024-03-02T16:31:42Z
Smart-Store-API,stage,2024-10-08T10:15:26Z
Smart-Store-API,update/pin-profile,2023-12-12T18:09:05Z
Momo-NG-Mini-app,Dev-Azure,2024-03-26T13:19:21Z
Momo-NG-Mini-app,Prod-Azure,2024-02-24T10:50:07Z
Momo-NG-Mini-app,add_new_apps,2024-05-28T09:38:10Z
Momo-NG-Mini-app,authentication_with_momo_token,2024-04-11T13:26:32Z
Momo-NG-Mini-app,cicd,2024-05-31T09:31:31Z
Momo-NG-Mini-app,develop,2024-05-31T10:01:17Z
Momo-NG-Mini-app,devsecops-dev,2024-04-05T11:15:24Z
Momo-NG-Mini-app,main,2024-01-24T07:30:19Z
Momo-NG-Mini-app,overhaul_refactor,2024-06-04T07:46:45Z
Momo-NG-Mini-app,preprod,2024-06-04T07:47:36Z
Momo-NG-Mini-app,revert-4-authentication_with_momo_token,2024-04-05T12:04:09Z
Momo-NG-Mini-app,revert-5-authentication_with_momo_token,2024-03-26T13:19:08Z
Momo-NG-Mini-app,revert-6-revert-5-authentication_with_momo_token,2024-04-05T11:11:19Z
unix.git,,null
unix.git,,null
unix.git,,null
mtn-finance-helpdesk,dependabot/npm_and_yarn/follow-redirects-1.15.6,2024-03-17T00:48:28Z
mtn-finance-helpdesk,dependabot/npm_and_yarn/next-14.1.1,2024-05-10T03:04:00Z
mtn-finance-helpdesk,main,2024-02-27T07:47:58Z
mtn-finance-helpdesk,shola/dev,2024-04-22T10:07:04Z
CCLM.git,,null
CCLM.git,,null
CCLM.git,,null
mtn-dxl-microservices-repository,master,2021-07-12T15:58:25Z
publications_Backend,dev,2024-03-21T14:17:47Z
publications_Backend,main,2024-03-11T08:12:36Z
publications_Backend,stage,2024-03-11T08:12:36Z
Aftersales-BE,api-dev,2024-05-28T09:26:22Z
Aftersales-BE,backend-v2-dev,2024-09-26T11:49:02Z
Aftersales-BE,backend-v2-prod,2024-03-21T03:11:31Z
Aftersales-BE,backend-v2-stage,2024-09-26T12:28:31Z
Aftersales-BE,dependabot/npm_and_yarn/express-and-nestjs/platform-express-4.19.2,2024-03-27T09:45:05Z
Aftersales-BE,dependabot/npm_and_yarn/follow-redirects-1.15.6,2024-03-21T02:57:05Z
Aftersales-BE,dependabot/npm_and_yarn/tar-6.2.1,2024-04-11T15:38:29Z
Aftersales-BE,dev-update,2024-05-23T16:42:37Z
Aftersales-BE,emmiter,2024-05-28T16:01:57Z
Aftersales-BE,local-dev,2024-06-25T08:54:51Z
Aftersales-BE,telemetry,2024-06-19T19:27:54Z
mercury.git,,null
mercury.git,,null
mercury.git,,null
Momo-NG-NPG,chore/invoke-payment-charge-update,2024-08-30T12:17:40Z
Momo-NG-NPG,chore/remove-local-env,2024-09-04T08:53:27Z
Momo-NG-NPG,develop,2024-09-24T12:38:14Z
Momo-NG-NPG,fix/remove-product-check,2024-04-15T19:34:56Z
Momo-NG-NPG,fix/webhook-response-processing-fix,2024-09-20T11:12:24Z
Momo-NG-NPG,fix/yml-update,2024-04-15T19:01:20Z
Momo-NG-NPG,ft/deployment-update,2024-09-06T13:52:25Z
Momo-NG-NPG,ft/encryption-impl,2024-06-14T09:57:03Z
Momo-NG-NPG,ft/env-update,2024-09-24T12:34:10Z
Momo-NG-NPG,ft/pre-prod-deployment-setup,2024-09-03T13:44:09Z
Momo-NG-NPG,ft/prod-env-whitelisting,2024-09-19T11:12:01Z
Momo-NG-NPG,ft/readme,2024-03-28T11:35:26Z
Momo-NG-NPG,ft/refund-implementation,2024-09-07T10:11:03Z
Momo-NG-NPG,ft/remove-failure-trigger,2024-09-19T16:15:23Z
Momo-NG-NPG,ft/sms-impl,2024-07-04T15:11:42Z
Momo-NG-NPG,ft/trigger-transfer-failure,2024-09-08T20:21:23Z
Momo-NG-NPG,main,2024-09-25T08:10:52Z
Momo-NG-NPG,momoUrl,2024-09-07T08:23:28Z
Momo-NG-NPG,preprod,2024-09-24T12:39:33Z
retail_pos_fe,dev_admin,2024-06-06T09:47:40Z
retail_pos_fe,dev,2024-10-04T12:55:17Z
retail_pos_fe,feat/admindashboard,2024-04-09T12:26:29Z
retail_pos_fe,feat/landingpage,2024-10-02T08:34:37Z
retail_pos_fe,feat/newdashboard,2024-04-09T12:01:25Z
retail_pos_fe,feat/posadmin,2024-04-12T17:06:49Z
retail_pos_fe,feat/userpos,2024-06-24T10:06:46Z
retail_pos_fe,gkhhgcl-patch-1,2024-07-15T07:02:56Z
retail_pos_fe,gkhhgcl-patch-2,2024-07-15T07:04:15Z
retail_pos_fe,layout-branch,2024-09-26T00:44:26Z
retail_pos_fe,main,2024-07-15T07:04:27Z
retail_pos_fe,pre-prod,2024-10-03T11:47:37Z
retail_pos_fe,prod_admin,2024-06-06T09:59:21Z
retail_pos_fe,revert-2-feat/admindashboard,2024-04-08T14:10:44Z
retail_pos_fe,revert-3-feat/admindashboard,2024-04-08T14:08:25Z
retail_pos_fe,stage_admin,2024-06-06T09:54:34Z
retail_pos_fe,stage,2024-10-04T13:10:03Z
retail_pos_fe,temitope,2024-09-26T00:44:26Z
retail_pos_be,dev,2024-10-09T05:26:35Z
retail_pos_be,devsecops-main,2024-05-17T09:17:38Z
retail_pos_be,fixx,2024-10-07T09:29:56Z
retail_pos_be,fx/invokepayment,2024-10-07T16:34:22Z
retail_pos_be,fx/webhook-authorization,2024-10-09T05:25:52Z
retail_pos_be,main,2024-09-11T06:39:06Z
retail_pos_be,pre-prod,2024-10-04T12:54:41Z
retail_pos_be,stage,2024-10-09T05:26:51Z
MOMO_CORPORATE_FE,Fixes,2024-09-25T17:15:13Z
MOMO_CORPORATE_FE,UIbuild,2024-07-15T08:26:20Z
MOMO_CORPORATE_FE,dependabot/npm_and_yarn/micromatch-4.0.8,2024-09-09T17:27:49Z
MOMO_CORPORATE_FE,dependabot/npm_and_yarn/next-14.2.10,2024-09-18T02:02:04Z
MOMO_CORPORATE_FE,dev,2024-10-08T13:26:16Z
MOMO_CORPORATE_FE,main,2024-04-07T00:39:12Z
MOMO_CORPORATE_FE,persistFileFix,2024-10-08T13:18:07Z
MOMO_CORPORATE_FE,pre-prod,2024-10-04T12:29:36Z
MOMO_CORPORATE_FE,stage,2024-10-08T13:38:08Z
MOMO_CORPORATE_BE,dev,2024-10-04T12:58:08Z
MOMO_CORPORATE_BE,main,2024-08-28T12:21:09Z
MOMO_CORPORATE_BE,pre-prod,2024-10-04T12:19:30Z
MOMO_CORPORATE_BE,stage,2024-10-04T12:59:07Z
one-customer-fe,dependabot/npm_and_yarn/braces-3.0.3,2024-09-17T15:52:28Z
one-customer-fe,dependabot/npm_and_yarn/micromatch-4.0.8,2024-09-17T15:52:32Z
one-customer-fe,dependabot/npm_and_yarn/next-14.2.14,2024-10-04T12:32:07Z
one-customer-fe,dev,2024-10-08T12:33:08Z
one-customer-fe,feature/frontend,2024-10-08T10:46:22Z
one-customer-fe,stage,2024-10-08T12:33:30Z
one_customer_be,dependabot/nuget/OneCustomerWebAPI.Core/Newtonsoft.Json-13.0.1,2024-05-21T20:59:27Z
one_customer_be,dev,2024-07-13T20:09:09Z
one_customer_be,feature/api,2024-05-21T20:58:47Z
one_customer_be,feature/dotnetbranch,2024-09-12T09:17:13Z
one_customer_be,henry-dev,2024-05-28T13:24:08Z
one_customer_be,maropublish,2024-10-08T08:03:53Z
one_customer_be,stage,2024-05-23T06:11:28Z
BULK_UPLOAD_BE,dependabot/composer/phpoffice/phpspreadsheet-1.29.2,2024-10-07T15:12:12Z
BULK_UPLOAD_BE,dev_sub_1,2024-08-14T14:31:54Z
BULK_UPLOAD_BE,dev_sub_2,2024-08-14T14:33:47Z
BULK_UPLOAD_BE,dev_sub_3,2024-08-14T14:36:11Z
BULK_UPLOAD_BE,dev,2024-09-25T09:50:41Z
BULK_UPLOAD_BE,feature/api,2024-05-10T08:35:02Z
BULK_UPLOAD_BE,fixes,2024-08-18T13:15:03Z
BULK_UPLOAD_BE,main,2024-09-24T09:36:11Z
BULK_UPLOAD_BE,stage_sub_1,2024-08-25T23:18:19Z
BULK_UPLOAD_BE,stage_sub_2,2024-08-20T15:59:31Z
BULK_UPLOAD_BE,stage_sub_3,2024-08-27T12:24:30Z
BULK_UPLOAD_BE,stage,2024-09-25T10:01:42Z
BULK_UPLOAD_FE,code-cleanup,2024-05-22T17:30:02Z
BULK_UPLOAD_FE,dependabot/npm_and_yarn/micromatch-4.0.8,2024-09-09T22:03:11Z
BULK_UPLOAD_FE,dependabot/npm_and_yarn/next-14.2.10,2024-09-18T02:21:25Z
BULK_UPLOAD_FE,dev,2024-07-29T06:02:36Z
BULK_UPLOAD_FE,feature/ncc,2024-05-20T13:18:43Z
BULK_UPLOAD_FE,main,2024-05-10T08:36:53Z
BULK_UPLOAD_FE,stage,2024-05-29T06:29:19Z
employee.bot.be,dependabot/npm_and_yarn/main/eslint-9.10.0,2024-09-06T22:37:47Z
employee.bot.be,dependabot/npm_and_yarn/main/langchain/openai-0.3.0,2024-09-13T22:55:17Z
employee.bot.be,dependabot/npm_and_yarn/main/langchain-0.3.0,2024-09-13T22:54:41Z
employee.bot.be,dependabot/npm_and_yarn/main/mongodb-6.9.0,2024-09-13T23:00:05Z
employee.bot.be,dependabot/npm_and_yarn/main/prisma/client-5.19.1,2024-09-06T22:38:13Z
employee.bot.be,dependabot/npm_and_yarn/main/types/node-22.5.4,2024-09-06T22:37:07Z
employee.bot.be,dependabot/npm_and_yarn/main/types/uuid-10.0.0,2024-06-25T12:28:15Z
employee.bot.be,dependabot/npm_and_yarn/main/typescript-5.6.2,2024-09-13T22:58:28Z
employee.bot.be,dependabot/npm_and_yarn/main/typescript-eslint/eslint-plugin-8.5.0,2024-09-13T22:59:43Z
employee.bot.be,dependabot/npm_and_yarn/main/typescript-eslint/parser-8.5.0,2024-09-13T22:57:03Z
employee.bot.be,dependabot/npm_and_yarn/micromatch-4.0.8,2024-09-12T01:50:04Z
employee.bot.be,dev,2024-09-30T09:29:06Z
employee.bot.be,iyi/dev,2024-09-28T18:34:22Z
employee.bot.be,main,2024-09-24T13:16:54Z
employee.bot.be,moses/dev_temp,2024-09-03T08:27:06Z
employee.bot.be,moses/dev,2024-09-30T08:17:51Z
employee.bot.be,stage,2024-09-13T13:03:52Z
employee.bot.fe,dependabot/npm_and_yarn/axios-1.7.4,2024-09-13T07:17:01Z
employee.bot.fe,dependabot/npm_and_yarn/braces-3.0.3,2024-06-16T15:58:32Z
employee.bot.fe,dependabot/npm_and_yarn/micromatch-4.0.8,2024-09-13T07:17:20Z
employee.bot.fe,dependabot/npm_and_yarn/postcss-8.4.38,2024-06-16T15:59:03Z
employee.bot.fe,dev,2024-09-29T15:42:15Z
employee.bot.fe,feat/ui,2024-05-26T21:22:43Z
employee.bot.fe,feature/pwa,2024-05-21T17:20:40Z
employee.bot.fe,hope/create-admin-button,2024-06-10T10:46:17Z
employee.bot.fe,hope/new-feature,2024-06-15T13:19:30Z
employee.bot.fe,iyi,2024-09-26T14:24:10Z
employee.bot.fe,main,2024-09-17T02:27:56Z
employee.bot.fe,moses/dev,2024-09-03T07:40:41Z
employee.bot.fe,moses/feat-ai,2024-06-01T14:56:05Z
employee.bot.fe,moses/message-loader,2024-07-18T16:23:45Z
employee.bot.fe,moses/shadcn-ui,2024-06-01T14:56:05Z
employee.bot.fe,pam/adjust-ui,2024-06-07T14:32:05Z
employee.bot.fe,pam/chat-ai,2024-06-01T18:10:50Z
employee.bot.fe,pam/dev,2024-09-23T10:35:38Z
employee.bot.fe,pam/dev-fix,2024-09-10T17:04:49Z
employee.bot.fe,pam/fixes,2024-07-29T13:22:12Z
employee.bot.fe,pam/knowledge-bank,2024-06-11T09:53:39Z
employee.bot.fe,pam/message-loader,2024-07-14T16:13:20Z
employee.bot.fe,stage,2024-09-13T09:11:46Z
mtn-dxl-microservices-customer-kyc-repository,develop,2024-04-04T10:57:51Z
mtn-dxl-microservices-customer-kyc-repository,develop-devops,2024-04-04T11:12:53Z
mtn-dxl-microservices-customer-kyc-repository,devsecops-dev,2024-05-08T12:39:53Z
mtn-dxl-microservices-customer-kyc-repository,master,2024-04-25T16:35:41Z
mtn-dxl-microservices-customer-balance-plans-repository,develop,2024-03-21T13:14:26Z
mtn-dxl-microservices-customer-balance-plans-repository,develop-devops,2024-02-27T02:16:09Z
mtn-dxl-microservices-customer-balance-plans-repository,master,2024-04-25T17:12:41Z
mtn-dxl-microservices-customer-balance-plans-repository,prod_release_27_06_2023,2023-06-27T04:16:19Z
mtn-dxl-microservices-customer-balance-plans-repository,releaseBranch,2023-08-05T00:57:54Z
mtn-dxl-microservices-auth0-merge-profiles-repository,develop,2024-04-29T06:27:53Z
mtn-dxl-microservices-auth0-merge-profiles-repository,master,2024-04-29T06:47:13Z
mtn-dxl-microservices-manage-numbers-repository,develop,2024-04-12T17:30:32Z
mtn-dxl-microservices-manage-numbers-repository,develop-devops,2024-04-04T10:59:39Z
mtn-dxl-microservices-manage-numbers-repository,master,2024-04-25T16:34:22Z
mtn-dxl-microservices-mini-app-repository,adhocProduction-22-12-2023,2024-04-22T17:06:06Z
mtn-dxl-microservices-mini-app-repository,dependabot/maven/cn.hutool-hutool-all-5.8.21,2024-05-16T17:23:58Z
mtn-dxl-microservices-mini-app-repository,develop,2024-04-22T17:18:48Z
mtn-dxl-microservices-mini-app-repository,develop-devops,2024-05-02T17:43:15Z
mtn-dxl-microservices-mini-app-repository,master,2024-04-22T17:02:55Z
mtn-dxl-microservices-mini-app-repository,mtn-dxl-microservices-esim-repository,2024-01-11T08:13:50Z
mtn-dxl-microservices-product-eligibility-repository,develop,2024-04-23T08:37:30Z
mtn-dxl-microservices-product-eligibility-repository,develop-devops,2024-04-23T08:36:17Z
mtn-dxl-microservices-product-eligibility-repository,master,2024-02-28T05:46:52Z
mtn-dxl-microservices-product-eligibility-repository,product/github,2024-05-02T08:15:24Z
mtn-dxl-microservices-customer-plans-lightweight-repository,develop,2024-04-25T15:51:02Z
mtn-dxl-microservices-customer-plans-lightweight-repository,develop-devops,2024-04-04T12:10:55Z
mtn-dxl-microservices-customer-plans-lightweight-repository,master,2024-04-25T16:38:15Z
mtn-dxl-microservices-pulse-plans-kyc-repository,develop,2024-02-28T03:15:01Z
mtn-dxl-microservices-pulse-plans-kyc-repository,develop-devops,2024-02-28T03:18:08Z
mtn-dxl-microservices-pulse-plans-kyc-repository,master,2024-04-25T16:33:15Z
mtn_npgpaymentservice_repository,FfstatusMaxCountRefund-vdn,2023-02-06T12:26:12Z
mtn_npgpaymentservice_repository,K8S-SECRETS,2024-04-12T07:15:29Z
mtn_npgpaymentservice_repository,MNUW-2850-postpaid-bill-payment-ark,2023-09-13T09:00:58Z
mtn_npgpaymentservice_repository,MNUW-2850-postpaid-bill-payment-ark-stagingweb,2023-09-13T09:17:58Z
mtn_npgpaymentservice_repository,MNUW-4099_Mega_Deal_Issue_mc,2023-10-17T12:00:19Z
mtn_npgpaymentservice_repository,MNUW-4099_Mega_Deal_Issue_mw,2023-10-17T11:47:42Z
mtn_npgpaymentservice_repository,MS5-380_Invalid_Signature_isse_ark-m,2023-10-12T11:48:29Z
mtn_npgpaymentservice_repository,MS5-380_Invalid_Signature_isse_ark-mc,2023-10-12T11:51:26Z
mtn_npgpaymentservice_repository,NPGMsisdn,2022-12-14T13:43:27Z
mtn_npgpaymentservice_repository,NPGPayment,2022-12-12T14:34:42Z
mtn_npgpaymentservice_repository,SonarLintChanges,2023-08-25T07:22:15Z
mtn_npgpaymentservice_repository,auth-token-empty-string-status-2023-04-20,2023-04-21T04:48:34Z
mtn_npgpaymentservice_repository,distable_auto_retries_ark-sc,2023-11-24T10:01:53Z
mtn_npgpaymentservice_repository,distable_auto_retries_ark-sw,2023-11-24T10:06:24Z
mtn_npgpaymentservice_repository,feature/stagingcron/akshay,2023-06-06T14:11:44Z
mtn_npgpaymentservice_repository,feature_stagingcron,2023-06-26T06:18:57Z
mtn_npgpaymentservice_repository,feature/stagingweb/akshay,2023-06-06T14:41:01Z
mtn_npgpaymentservice_repository,fraud_alert_issue_ark_sc,2024-01-03T14:20:57Z
mtn_npgpaymentservice_repository,fraud_alert_issue_ark_sw,2024-01-03T14:23:41Z
mtn_npgpaymentservice_repository,invalid_or_missing_parameter_key_invalid_mastercron,2023-09-07T06:19:40Z
mtn_npgpaymentservice_repository,master_feature,2023-09-07T06:25:24Z
mtn_npgpaymentservice_repository,master_reset_change,2023-09-07T06:31:11Z
mtn_npgpaymentservice_repository,master,2024-04-02T07:42:01Z
mtn_npgpaymentservice_repository,masterauth,2024-04-02T07:43:46Z
mtn_npgpaymentservice_repository,mastercron,2024-04-02T07:38:57Z
mtn_npgpaymentservice_repository,momoFeature-development,2023-04-19T06:38:52Z
mtn_npgpaymentservice_repository,postpaidbillpayment,2023-07-10T11:02:39Z
mtn_npgpaymentservice_repository,postpaidchanges-ark-mc,2023-10-05T05:25:22Z
mtn_npgpaymentservice_repository,postpaidchanges-ark-mw,2023-10-05T05:23:10Z
mtn_npgpaymentservice_repository,refundissue_ark-mc,2023-10-05T12:03:59Z
HR_CHATBOT_FE,dependabot/npm_and_yarn/micromatch-4.0.8,2024-09-10T22:04:13Z
HR_CHATBOT_FE,dependabot/npm_and_yarn/next-14.2.10,2024-09-18T03:05:00Z
HR_CHATBOT_FE,main,2024-05-17T11:09:29Z
HR_CHATBOT_BE,main,2024-05-24T11:49:48Z
Partner_Portal_BE,az_backend_admin,2024-10-09T10:13:38Z
Partner_Portal_BE,az_backend,2024-10-09T10:17:49Z
Partner_Portal_BE,dependabot/npm_and_yarn/axios-1.7.4,2024-09-18T14:59:48Z
Partner_Portal_BE,dependabot/npm_and_yarn/rollup-4.22.4,2024-09-24T04:06:57Z
Partner_Portal_BE,dependabot/npm_and_yarn/vite-5.4.6,2024-09-18T14:59:59Z
Partner_Portal_BE,dev_admin,2024-10-09T10:11:54Z
Partner_Portal_BE,dev,2024-10-09T10:15:45Z
Partner_Portal_BE,feature/admin,2024-10-09T10:11:19Z
Partner_Portal_BE,feature/api,2024-10-09T10:14:35Z
Partner_Portal_BE,kanye,2024-06-14T08:44:01Z
Partner_Portal_BE,kanye-admin,2024-10-03T19:51:24Z
Partner_Portal_BE,moses_admin,2024-10-09T10:46:17Z
Partner_Portal_BE,moses,2024-06-06T11:06:56Z
Partner_Portal_BE,pre_prod_admin,2024-10-09T10:13:10Z
Partner_Portal_BE,pre_prod,2024-10-09T10:17:04Z
Partner_Portal_BE,release-gate,2024-10-01T12:54:14Z
Partner_Portal_BE,release-gate-admin,2024-10-01T13:01:12Z
Partner_Portal_BE,stage_admin,2024-10-09T10:12:41Z
Partner_Portal_BE,stage,2024-10-09T10:16:17Z
Partner_Portal_FE,admin,2024-05-29T09:52:07Z
Partner_Portal_FE,admin-dev,2024-10-07T10:34:09Z
Partner_Portal_FE,admin-pre-prod,2024-10-07T11:47:47Z
Partner_Portal_FE,admin-stage,2024-10-07T11:37:55Z
Partner_Portal_FE,az_frontend,2024-10-09T09:24:09Z
Partner_Portal_FE,az-admin-prod,2024-10-07T12:00:43Z
Partner_Portal_FE,dependabot/npm_and_yarn/next-14.2.10,2024-09-18T01:15:05Z
Partner_Portal_FE,dev,2024-10-09T08:35:33Z
Partner_Portal_FE,elijah,2024-10-07T10:39:11Z
Partner_Portal_FE,elijah-admin,2024-09-24T10:22:30Z
Partner_Portal_FE,feat/admin-license-approval,2024-07-19T14:47:24Z
Partner_Portal_FE,feat/admin-trackables,2024-07-07T00:32:55Z
Partner_Portal_FE,fix-admin-dev,2024-08-29T21:19:32Z
Partner_Portal_FE,main,2024-08-28T15:30:13Z
Partner_Portal_FE,pre_prod,2024-10-09T09:21:38Z
Partner_Portal_FE,release-gate,2024-10-01T11:58:07Z
Partner_Portal_FE,release-gate-admin,2024-10-01T12:20:59Z
Partner_Portal_FE,settle-admin-dev,2024-07-14T13:40:32Z
Partner_Portal_FE,stage,2024-10-09T09:20:53Z
Partner_Portal_FE,temi-admin-dev,2024-10-07T10:30:20Z
Partner_Portal_FE,temi-dev,2024-05-24T14:31:20Z
NextGen-UserMgt-Ext,coralpayupdates,2024-09-03T18:59:14Z
NextGen-UserMgt-Ext,main,2024-08-12T13:17:51Z
CITY_APP_BE,Lalith-hhgcl-patch-1,2024-08-06T12:39:16Z
CITY_APP_BE,ayokanmi/dev,2024-10-09T07:58:53Z
CITY_APP_BE,ayokanmi/dev-settings,2024-07-31T11:23:30Z
CITY_APP_BE,dev,2024-10-09T08:07:56Z
CITY_APP_BE,elijah/dev,2024-10-03T11:45:48Z
CITY_APP_BE,elijah/dev2,2024-10-03T11:45:48Z
CITY_APP_BE,gkhhgcl-patch-1,2024-07-18T15:10:36Z
CITY_APP_BE,gkhhgcl-patch-2,2024-07-24T12:12:08Z
CITY_APP_BE,gkhhgcl-patch-3,2024-07-24T12:17:47Z
CITY_APP_BE,gkhhgcl-patch-4,2024-07-24T12:25:02Z
CITY_APP_BE,gkhhgcl-patch-5,2024-07-24T13:06:49Z
CITY_APP_BE,gkhhgcl-patch-6,2024-07-24T13:21:19Z
CITY_APP_BE,gkhhgcl-patch-7,2024-07-24T13:30:26Z
CITY_APP_BE,gkhhgcl-test-1,2024-09-20T11:09:27Z
CITY_APP_BE,main,2024-10-09T08:08:08Z
CITY_APP_BE,moses/build-scripts,2024-09-23T09:36:35Z
CITY_APP_BE,moses/dev_temp,2024-07-17T14:53:34Z
CITY_APP_BE,moses/dev,2024-07-10T19:35:56Z
CITY_APP_BE,moses/docker_infra,2024-09-27T09:15:10Z
CITY_APP_BE,pre-prod,2024-10-09T06:32:46Z
CITY_APP_BE,stage,2024-09-26T07:38:45Z
CITY_APP_FE,PamelaMtn-patch-1,2024-10-09T10:39:09Z
CITY_APP_FE,clinton/dev,2024-10-06T18:59:03Z
CITY_APP_FE,dev,2024-10-09T09:07:52Z
CITY_APP_FE,elijah/dev,2024-10-08T20:11:09Z
CITY_APP_FE,main,2024-10-08T15:52:24Z
CITY_APP_FE,moses/dev,2024-10-08T19:59:58Z
CITY_APP_FE,moses/maps_navigation,2024-10-08T01:28:08Z
CITY_APP_FE,pam/dev,2024-10-09T11:20:03Z
NextGen-Channels,MTNNGupdates,2024-06-10T17:00:00Z
NextGen-Channels,coralpayupdates_dev,2024-08-06T19:16:58Z
NextGen-Channels,coralpayupdates_stage,2024-07-29T12:07:09Z
NextGen-Channels,coralpayupdates,2024-10-07T10:17:29Z
NextGen-Channels,main,2024-08-05T17:26:37Z
NextGen-AdminPortal,coralpayupdates_dev,2024-05-08T21:21:54Z
NextGen-AdminPortal,coralpayupdates_stage,2024-05-08T21:21:54Z
NextGen-AdminPortal,coralpayupdates,2024-05-08T21:21:54Z
NextGen-AdminPortal,dependabot/npm_and_yarn/bootstrap-5.0.0,2024-09-09T14:13:28Z
NextGen-AdminPortal,dependabot/npm_and_yarn/micromatch-4.0.8,2024-09-09T14:13:05Z
NextGen-AdminPortal,dependabot/npm_and_yarn/multi-06c100f89b,2024-08-31T06:44:52Z
NextGen-AdminPortal,dependabot/npm_and_yarn/multi-9a0c2d0c96,2024-09-19T19:10:05Z
NextGen-AdminPortal,dependabot/npm_and_yarn/multi-9423f4c335,2024-09-16T20:27:38Z
NextGen-AdminPortal,dependabot/npm_and_yarn/multi-cf87d80143,2024-09-27T10:20:51Z
NextGen-AdminPortal,dependabot/npm_and_yarn/multi-d66d039ac5,2024-09-27T09:32:52Z
NextGen-AdminPortal,main,2024-09-09T14:10:45Z
NextGen-MerchantPortal,coralpayupdates_dev,2024-04-26T10:18:55Z
NextGen-MerchantPortal,coralpayupdates_stage,2024-04-26T10:18:55Z
NextGen-MerchantPortal,coralpayupdates,2024-04-26T10:18:55Z
NextGen-MerchantPortal,dependabot/npm_and_yarn/bootstrap-5.0.0,2024-09-09T14:15:02Z
NextGen-MerchantPortal,dependabot/npm_and_yarn/http-cache-semantics-4.1.1,2024-08-12T14:30:10Z
NextGen-MerchantPortal,dependabot/npm_and_yarn/json5-2.2.3,2024-08-12T14:29:58Z
NextGen-MerchantPortal,dependabot/npm_and_yarn/micromatch-4.0.8,2024-09-09T14:14:17Z
NextGen-MerchantPortal,dependabot/npm_and_yarn/multi-1d234c620e,2024-09-27T08:07:23Z
NextGen-MerchantPortal,dependabot/npm_and_yarn/multi-06c100f89b,2024-08-31T06:45:16Z
NextGen-MerchantPortal,dependabot/npm_and_yarn/multi-9a0c2d0c96,2024-09-19T19:10:09Z
NextGen-MerchantPortal,dependabot/npm_and_yarn/multi-71c60f2d2e,2024-09-27T08:08:01Z
NextGen-MerchantPortal,dependabot/npm_and_yarn/multi-9423f4c335,2024-09-16T20:27:23Z
NextGen-MerchantPortal,dependabot/npm_and_yarn/multi-cf87d80143,2024-09-27T08:07:17Z
NextGen-MerchantPortal,dependabot/npm_and_yarn/multi-d66d039ac5,2024-09-27T08:07:15Z
NextGen-MerchantPortal,dependabot/npm_and_yarn/ua-parser-js-0.7.38,2024-08-12T14:30:09Z
NextGen-MerchantPortal,main,2024-09-27T08:10:47Z
NextGen-MerchantPortal,test,2024-09-17T06:47:07Z
Nextgen-MomoIPRouter,coralpayupdates_dev,2024-07-23T08:42:46Z
Nextgen-MomoIPRouter,coralpayupdates_stage,2024-07-23T08:42:46Z
Nextgen-MomoIPRouter,coralpayupdates,2024-09-12T21:40:58Z
Nextgen-MomoIPRouter,main,2024-09-26T11:56:20Z
NextGen-Settlement,main,2024-10-06T23:24:40Z
NextGen-Tq.git,,null
NextGen-Tq.git,,null
NextGen-Tq.git,,null
NextGen-UI.git,,null
NextGen-UI.git,,null
NextGen-UI.git,,null
NextGen-UserMgt,coralpayupdates_dev,2024-05-11T15:55:52Z
NextGen-UserMgt,coralpayupdates_stage,2024-05-11T15:55:52Z
NextGen-UserMgt,coralpayupdates,2024-08-16T08:27:14Z
NextGen-UserMgt,main,2024-09-25T13:40:03Z
Capacity_Ops_AIFactory,No branches or repo not found,N/A
Social_Network_AIFactory,No branches or repo not found,N/A
Smartkiosk_websocket,dev,2024-06-13T22:34:18Z
Smartkiosk_websocket,main,2024-06-13T22:36:19Z
employee.bot.teams,dependabot/npm_and_yarn/axios-1.7.7,2024-09-13T10:40:20Z
employee.bot.teams,dependabot/npm_and_yarn/express-4.20.0,2024-09-13T10:40:19Z
employee.bot.teams,dependabot/npm_and_yarn/multi-f68e238b85,2024-09-13T10:40:44Z
employee.bot.teams,dev,2024-09-27T07:18:00Z
employee.bot.teams,main,2024-09-13T10:39:18Z
employee.bot.teams,moses/dev,2024-06-24T20:44:55Z
employee.bot.teams,stage,2024-09-13T10:20:24Z
Radio_Optimization_AI,dev,2024-07-03T14:20:31Z
Radio_Optimization_AI,main,2024-07-01T11:31:52Z
Radio_Optimization_AI,stage,2024-07-03T14:20:31Z
Fraud_Detection_AI,No branches or repo not found,N/A
enterprise_fe,No branches or repo not found,N/A
enterprise_be,dependabot/nuget/MTNExpirationAPI.Utility/System.IdentityModel.Tokens.Jwt-6.34.0,2024-06-23T16:18:14Z
enterprise_be,dev,2024-06-23T16:15:15Z
enterprise_be,main,2024-06-23T16:16:31Z
SSP_MICRO_SERVICE,No branches or repo not found,N/A
FMA_WEB.git,,null
FMA_WEB.git,,null
FMA_WEB.git,,null
SSP_DOC_MICROSERVICE,dependabot/npm_and_yarn/micromatch-4.0.8,2024-09-12T05:37:32Z
SSP_DOC_MICROSERVICE,dependabot/npm_and_yarn/multi-5eb378ec3a,2024-09-27T10:23:34Z
SSP_DOC_MICROSERVICE,dependabot/npm_and_yarn/multi-6ddc2c7951,2024-09-27T11:11:06Z
SSP_DOC_MICROSERVICE,dependabot/npm_and_yarn/multi-24bbd5359e,2024-08-31T06:42:53Z
SSP_DOC_MICROSERVICE,dependabot/npm_and_yarn/multi-4820e640fc,2024-09-21T14:53:44Z
SSP_DOC_MICROSERVICE,dependabot/npm_and_yarn/multi-b2c9442a4c,2024-09-21T22:39:41Z
SSP_DOC_MICROSERVICE,develop,2024-08-12T14:16:14Z
SSP_DOC_MICROSERVICE,feat/swagger-documentation,2024-08-12T14:04:07Z
SSP_DOC_MICROSERVICE,feature/get-documents,2024-08-09T10:56:58Z
SSP_DOC_MICROSERVICE,feature/save-document,2024-08-08T08:53:14Z
SSP_DOC_MICROSERVICE,main,2024-08-07T00:25:02Z
SSP_TAS_MICROSERVICE,dependabot/npm_and_yarn/micromatch-4.0.8,2024-09-12T05:49:41Z
SSP_TAS_MICROSERVICE,dependabot/npm_and_yarn/multi-5eb378ec3a,2024-09-27T11:25:42Z
SSP_TAS_MICROSERVICE,dependabot/npm_and_yarn/multi-6ddc2c7951,2024-09-27T12:14:07Z
SSP_TAS_MICROSERVICE,dependabot/npm_and_yarn/multi-24bbd5359e,2024-08-31T06:43:27Z
SSP_TAS_MICROSERVICE,dependabot/npm_and_yarn/multi-4820e640fc,2024-09-21T15:04:27Z
SSP_TAS_MICROSERVICE,dependabot/npm_and_yarn/multi-b2c9442a4c,2024-09-21T22:56:00Z
SSP_TAS_MICROSERVICE,develop,2024-08-12T14:02:56Z
SSP_TAS_MICROSERVICE,feature/auth,2024-08-12T14:01:03Z
SSP_TAS_MICROSERVICE,main,2024-08-12T14:06:19Z
SSP_TAS_MICROSERVICE,stage,2024-08-12T14:05:11Z
SSP_PAYMENT_MICROSERVICE,develop,2024-09-30T08:30:31Z
SSP_PAYMENT_MICROSERVICE,main,2024-09-27T18:44:52Z
SSP_USER_MICROSERVICE,No branches or repo not found,N/A
SSP_Scan.git,,null
SSP_Scan.git,,null
SSP_Scan.git,,null
MTN-FaceMatch,dev,2024-09-09T05:25:04Z
MTN-FaceMatch,main,2024-08-28T09:53:52Z
CRBT_Subscription_API,No branches or repo not found,N/A
CreateLab.git,,null
CreateLab.git,,null
CreateLab.git,,null
LCMS_Frontend,afolabi,2024-10-07T11:14:09Z
LCMS_Frontend,dependabot/npm_and_yarn/next-14.2.10,2024-09-18T07:21:33Z
LCMS_Frontend,dev,2024-10-07T11:15:37Z
LCMS_Frontend,main,2024-09-05T03:47:45Z
LCMS_Frontend,stage,2024-09-17T11:25:32Z
LCMS_Backend,dependabot/npm_and_yarn/multi-24bbd5359e,2024-09-11T07:26:00Z
LCMS_Backend,dev,2024-10-09T07:03:47Z
LCMS_Backend,ft-added-header,2024-10-09T06:57:20Z
LCMS_Backend,main,2024-09-12T08:42:46Z
LCMS_Backend,stage,2024-09-17T11:38:25Z
Customer_SIM_Verification_API_v1.0,No branches or repo not found,N/A
Digital_Lending_CDAL_API,No branches or repo not found,N/A
mySMEVille_Service_Management_API,No branches or repo not found,N/A
Silent_Mobile_Verfication_API,No branches or repo not found,N/A
Coupon_Management_API_v1,No branches or repo not found,N/A
Group_Data_Share_API,No branches or repo not found,N/A
Managed_NIN,No branches or repo not found,N/A
Reward_Management_API_V1,No branches or repo not found,N/A
Reward_Management_API_V2,No branches or repo not found,N/A
Subscription_V2_API,No branches or repo not found,N/A
Trouble_Ticket_API_V2,No branches or repo not found,N/A
Customer_Management_NG_API,No branches or repo not found,N/A
Login_API.git,,null
Login_API.git,,null
Login_API.git,,null
Shopping_Cart_Management_API,No branches or repo not found,N/A
Usage_Consumption_API,No branches or repo not found,N/A
Biosmart_Connector_API_v1,No branches or repo not found,N/A
BluSalt_Connector_API,No branches or repo not found,N/A
ContactLess_API,No branches or repo not found,N/A
Product_Catalog_API,No branches or repo not found,N/A
Product_Inventory_API,No branches or repo not found,N/A
Alternate_Notification_API,No branches or repo not found,N/A
Email_Service_API,No branches or repo not found,N/A
SMS_API_v3.0,No branches or repo not found,N/A
Caller_Feel_Signature_API,No branches or repo not found,N/A
Caller_Feel_Status_API,No branches or repo not found,N/A
Customer_Data_Share_API,No branches or repo not found,N/A
Manifestation_API,No branches or repo not found,N/A
Notification_API_v1.0,No branches or repo not found,N/A
Payment_API,No branches or repo not found,N/A
Balance_Management_API,No branches or repo not found,N/A
Fleet_Management_API_v1,No branches or repo not found,N/A
Product_Inventory_Management_API,No branches or repo not found,N/A
Shipment_Receipt_Confirmation_API_v1,No branches or repo not found,N/A
Account_Management_API,No branches or repo not found,N/A
Customer_Management_API,No branches or repo not found,N/A
Order_Fulfillment_API,No branches or repo not found,N/A
Product_Catalog_Management_API,No branches or repo not found,N/A
Service_Ordering_Management_API_V1.0,No branches or repo not found,N/A
Share_N_Shell,No branches or repo not found,N/A
HNODE_NIN_Integration,No branches or repo not found,N/A
Sim_Management_API,No branches or repo not found,N/A
madapi-mtn-comviva-subscription-tone-profile-sytem,dependabot/maven/commons-io-commons-io-2.14.0,2024-10-03T20:12:21Z
madapi-mtn-comviva-subscription-tone-profile-sytem,dependabot/maven/xerces-xercesImpl-2.12.2,2024-09-29T20:41:32Z
madapi-mtn-comviva-subscription-tone-profile-sytem,development,2024-09-29T20:42:07Z
madapi-mtn-comviva-subscription-tone-profile-sytem,main,2024-09-29T20:40:43Z
madapi-mtn-comviva-subscription-tone-profile-sytem,master,2024-09-29T20:44:34Z
madapi-mtn-gds-clm-system,dependabot/maven/commons-io-commons-io-2.14.0,2024-10-03T18:51:51Z
madapi-mtn-gds-clm-system,development,2024-09-25T17:01:22Z
madapi-mtn-gds-clm-system,main,2024-09-25T17:03:10Z
madapi-mtn-gds-clm-system,release,2024-09-25T17:05:13Z
madapi-mtn-nin-aggregator,dependabot/maven/commons-io-commons-io-2.14.0,2024-10-03T18:43:10Z
madapi-mtn-nin-aggregator,dependabot/maven/xerces-xercesImpl-2.12.2,2024-09-25T15:02:01Z
madapi-mtn-nin-aggregator,development,2024-09-25T09:48:02Z
madapi-mtn-nin-aggregator,main,2024-09-25T14:59:10Z
madapi-mtn-nin-aggregator,master,2024-09-25T10:59:33Z
madapi-mtn-nin-aggregator,release,2024-09-25T13:17:03Z
madapi-mtn-nin-clm-system,dependabot/maven/commons-io-commons-io-2.14.0,2024-10-03T18:43:20Z
madapi-mtn-nin-clm-system,development,2024-09-25T17:23:18Z
madapi-mtn-nin-clm-system,main,2024-09-25T17:24:33Z
madapi-mtn-nin-clm-system,release,2024-09-25T17:27:48Z
madapi-mtn-nin-clm-system,springboot-upgrade,2024-09-25T17:26:40Z
madapi-mtn-daas-consumption-summary-aggregator,development,2024-09-25T15:50:54Z
madapi-mtn-daas-consumption-summary-aggregator,main,2024-09-26T05:06:42Z
madapi-mtn-daas-consumption-summary-aggregator,master,2024-09-25T16:59:06Z
madapi-mtn-blusalt-api-system,dependabot/maven/xerces-xercesImpl-2.12.2,2024-09-23T11:51:41Z
madapi-mtn-blusalt-api-system,development,2024-09-23T11:42:16Z
madapi-mtn-blusalt-api-system,main,2024-09-23T11:48:57Z
madapi-mtn-blusalt-api-system,master,2024-09-23T11:55:42Z
madapi-mtn-blusalt-api-system,release,2024-09-23T12:00:55Z
madapi-mtn-biosmart-api-system,dependabot/maven/xerces-xercesImpl-2.12.2,2024-09-23T12:24:34Z
madapi-mtn-biosmart-api-system,development,2024-09-23T12:21:10Z
madapi-mtn-biosmart-api-system,main,2024-09-23T12:23:13Z
madapi-mtn-biosmart-api-system,master,2024-09-23T12:25:45Z
madapi-mtn-biosmart-api-system,release,2024-09-23T12:30:24Z
madapi-mtn-contactless-api-system,development,2024-09-23T12:55:11Z
madapi-mtn-contactless-api-system,main,2024-09-03T21:24:12Z
madapi-mtn-contactless-api-system,master,2024-09-23T13:00:15Z
madapi-mtn-contactless-api-system,release,2024-09-23T13:04:25Z
madapi-mtn-metamorphose-product-inventory-system,development,2024-09-24T11:12:22Z
madapi-mtn-metamorphose-product-inventory-system,main,2024-09-24T14:02:34Z
madapi-mtn-metamorphose-product-inventory-system,release,2024-09-24T13:21:33Z
madapi-mtn-email-system-push,dependabot/maven/commons-io-commons-io-2.14.0,2024-10-03T18:52:00Z
madapi-mtn-email-system-push,development,2024-10-01T06:16:43Z
madapi-mtn-email-system-push,main,2024-10-01T06:34:30Z
madapi-mtn-email-system-push,master,2024-10-01T06:40:17Z
madapi-mtn-email-system-push,release,2024-10-01T06:43:31Z
madapi-mtn-ccaas-dass-job-id-system,development,2024-09-24T06:32:49Z
madapi-mtn-ccaas-dass-job-id-system,main,2024-09-24T06:44:52Z
madapi-mtn-ccaas-dass-job-id-system,master,2024-09-24T08:22:57Z
madapi-mtn-ccaas-dass-job-id-system,release,2024-09-24T08:26:29Z
madapi-mtn-tmf685-resource-pool-management-aggregator,dependabot/maven/commons-io-commons-io-2.14.0,2024-10-03T18:51:25Z
madapi-mtn-tmf685-resource-pool-management-aggregator,development,2024-09-30T09:52:14Z
madapi-mtn-tmf685-resource-pool-management-aggregator,main,2024-09-30T09:53:41Z
madapi-mtn-tmf685-resource-pool-management-aggregator,release,2024-09-30T09:58:31Z
messaging-sms-system-push-multiple,development,2024-10-02T11:49:01Z
messaging-sms-system-push-multiple,main,2024-10-02T11:44:29Z
messaging-sms-system-push-multiple,master,2024-09-05T19:31:23Z
messaging-sms-system-push-multiple,release,2024-10-02T11:50:56Z
product-ordering-cis-system,main,2024-09-05T20:33:01Z
TMF_678_tmf-madapi-customer-bill-management-aggregator-v1,development,2024-09-05T23:22:54Z
TMF_678_tmf-madapi-customer-bill-management-aggregator-v1,feature/moveCode,2024-09-09T12:28:33Z
TMF_678_tmf-madapi-customer-bill-management-aggregator-v1,main,2024-09-05T23:22:54Z
madapi-mtn-customer-profile-aggregator,development,2024-10-01T07:38:16Z
madapi-mtn-customer-profile-aggregator,main,2024-09-05T23:37:15Z
madapi-mtn-customer-profile-aggregator,master,2024-10-01T07:44:51Z
madapi-mtn-customer-profile-aggregator,release,2024-10-01T08:21:29Z
madapi-mtn-eset-notification-aggregator,main,2024-09-11T07:28:22Z
giz.git,,null
giz.git,,null
giz.git,,null
