Repository,Branch
project-adobe-commerce,1032
project-adobe-commerce,1079
project-adobe-commerce,1080
project-adobe-commerce,BUNDLE-ONLY-FOR-NPG
project-adobe-commerce,EM-734
project-adobe-commerce,EM-805
project-adobe-commerce,EM-817
project-adobe-commerce,EM-848
project-adobe-commerce,EM-853-SO
project-adobe-commerce,EM-857
project-adobe-commerce,EM-905
project-adobe-commerce,EM-922
project-adobe-commerce,EM-938
project-adobe-commerce,EM-963
project-adobe-commerce,EM-965
project-adobe-commerce,EM-968
project-adobe-commerce,EM-980
project-adobe-commerce,EM-981
project-adobe-commerce,EM-982
project-adobe-commerce,EM-996
project-adobe-commerce,EM-999
project-adobe-commerce,EM-1001
project-adobe-commerce,EM-1008
project-adobe-commerce,EM-1009
project-adobe-commerce,EM-1011
project-adobe-commerce,EM-1014
project-adobe-commerce,EM-1016
project-adobe-commerce,EM-1017
project-adobe-commerce,EM-1041
project-adobe-commerce,EM-1072
Concourse-NG,No branches or repo not found
myMTN-NG-App-DXL,master
myMTN-NG-App-DXL,security-scans
myMTNNG_Web,Auth0_gmail_logout
myMTNNG_Web,MPUL-39
myMTNNG_Web,MPUL-534-frontend
myMTNNG_Web,MPUL-539
myMTNNG_Web,MPUL-672-preprod
myMTNNG_Web,MPUL-672
myMTNNG_Web,MPUL-890
myMTNNG_Web,MPUL-G
myMTNNG_Web,MPUL-remove-phone
myMTNNG_Web,MPUL-spell-bee-fix
myMTNNG_Web,MPUL-yelloverse
myMTNNG_Web,NPG_airtime_buybundle
myMTNNG_Web,NPG_airtime_changes
myMTNNG_Web,NPG_bug_resolved_27apr
myMTNNG_Web,NPG_buy_bundle_new
myMTNNG_Web,NPG_chage_product_id
myMTNNG_Web,NPG_changes_28
myMTNNG_Web,NPG_chnages_27
myMTNNG_Web,NPG_custom_report
myMTNNG_Web,Next
myMTNNG_Web,PLAY-000-Daas-report-functionality-with-configurable
myMTNNG_Web,PLAY-000-add-channel-parameter-in-kyc-api
myMTNNG_Web,PLAY-000-added-roboot-and-composer-changes
myMTNNG_Web,PLAY-000-auth0-jwt-deprecated
myMTNNG_Web,PLAY-000-dynamic-button-option-select-on-partner-paragraph
myMTNNG_Web,PLAY-000-search-issue
myMTNNG_Web,PLAY-344-section-category-rule
myMTNNG_Web,PLAY-365-faq
myMTNNG_Web,PLAY-365-faq-general
myMTNNG_Web,PLAY-429-secure-admin-changes
terraform-azurerm-caf,Mobizinc-app_settings
terraform-azurerm-caf,agw-patch
terraform-azurerm-caf,int-5.6.0
terraform-azurerm-caf,int-azrm-3.7.0
terraform-azurerm-caf,integration-gitlab
terraform-azurerm-caf,integration-gitlab-support-variables
terraform-azurerm-caf,main
terraform-azurerm-caf,patch.ad.group_owners
terraform-azurerm-caf,patch.private_endpoint_dns
terraform-azurerm-caf,patch.3.0
terraform-azurerm-caf,sm-apim_custom_domain
terraform-azurerm-caf,sm-azuread_graph
terraform-azurerm-caf,sm-pr918
terraform-azurerm-caf,sm-synapse
terraform-azurerm-caf,sm-vmss_extensions
terraform-azurerm-caf,sm-vmssextension
terraform-azurerm-caf,vmss-naming-update
Code-Management,NG_ESS_Test_ENV_01
Code-Management,NG_ESS_Test_ENV_02
Code-Management,ProdCode_BoostNigeria
Code-Management,SITCode_BoostNigeria
Code-Management,UATCode_BoostNigeria
Code-Management,main
Code-Management,security-scans
TaaS_CLMAutomation,main
TaaS_CLMAutomation,security-scans
TaaS_BiosmartAutomation,codeql-config
TaaS_BiosmartAutomation,main
TaaS_BiosmartAutomation,security-scans
TaaS_MyMTNWebAutomation,main
TaaS_MyMTNWebAutomation,security-scans
TaaS_PSBAutomation,main
TaaS_PSBAutomation,security-scans
TaaS_NIN799USSDAutomation,dependabot/maven/NIN799USSD/org.testng-testng-7.5.1
TaaS_NIN799USSDAutomation,main
TaaS_NIN799USSDAutomation,security-scans
TaaS_MyMTNAppStaging,main
TaaS_MyMTNAppStaging,security-scans
TaaS_MyMTNAppProduction,main
TaaS_MyMTNAppProduction,security-scans
TaaS_NxtGenStaging,main
TaaS_NxtGenStaging,security-scans
TaaS_NxtGenProduction,codeql-config
TaaS_NxtGenProduction,main
TaaS_NxtGenProduction,security-scans
TaaS_CDRExtraction,dependabot/maven/CDRSpool/org.springframework-spring-web-6.0.0
TaaS_CDRExtraction,dependabot/maven/CDRSpool/org.springframework-spring-webmvc-5.2.20.RELEASE
TaaS_CDRExtraction,dependabot/maven/CDRSpool/target/m2e-wtp/web-resources/META-INF/maven/CDRSpool/CDRSpool/org.springframework-spring-web-6.0.0
TaaS_CDRExtraction,dependabot/maven/CDRSpool/target/m2e-wtp/web-resources/META-INF/maven/CDRSpool/CDRSpool/org.springframework-spring-webmvc-5.2.20.RELEASE
TaaS_CDRExtraction,main
TaaS_CDRExtraction,security-scans
In_House_Dev,No branches or repo not found
TaaS_Chatbot,main
TaaS_Chatbot,security-scans
TaaS_USSDCodes,main
TaaS_USSDCodes,security-scans
TaaS_USSDCodes,snyk-upgrade-2b9922f5bd99fc6ca32de4c936a92f7e
TaaS_USSDCodes,snyk-upgrade-9d14e0c625a57c431c78f0e37d9720cd
myMTN-NG-Refund,dependabot/npm_and_yarn/backend/axios-1.6.0
myMTN-NG-Refund,dependabot/npm_and_yarn/frontend/adobe/css-tools-4.3.1
myMTN-NG-Refund,dependabot/npm_and_yarn/frontend/axios-1.6.0
myMTN-NG-Refund,dependabot/npm_and_yarn/frontend/babel/traverse-7.23.2
myMTN-NG-Refund,feat/authentication
myMTN-NG-Refund,main
myMTN-NG-Refund,security-scans
myMTN-NG-Refund,snyk-upgrade-1e89af85c7996c400e8aeb9c756c5630
myMTN-NG-Refund,snyk-upgrade-8f96794dbd88778d4b44b67597e42125
myMTN-NG-Refund,snyk-upgrade-133bc2e773cf9abad71b03e7cb9554b0
myMTN-NG-Refund,snyk-upgrade-39134c456daab294fb63446584863e9d
myMTN-NG-Refund,snyk-upgrade-eec78544f68b30590edcb3eb3e4424a6
Activity-Tracker-Frontend,Joeasuquo-patch-1
Activity-Tracker-Frontend,ansible
Activity-Tracker-Frontend,az
Activity-Tracker-Frontend,cicd-fe-dev-cluster
Activity-Tracker-Frontend,dast
Activity-Tracker-Frontend,dependabot/npm_and_yarn/axios-1.6.0
Activity-Tracker-Frontend,dependabot/npm_and_yarn/babel/traverse-7.23.2
Activity-Tracker-Frontend,dependabot/npm_and_yarn/postcss-8.4.31
Activity-Tracker-Frontend,dependabot/npm_and_yarn/semver-6.3.1
Activity-Tracker-Frontend,dependabot/npm_and_yarn/vite-4.0.5
Activity-Tracker-Frontend,dependabot/npm_and_yarn/webpack-5.88.2
Activity-Tracker-Frontend,dev
Activity-Tracker-Frontend,devsecops-dev
Activity-Tracker-Frontend,devsecops-main
Activity-Tracker-Frontend,devsecops-main2
Activity-Tracker-Frontend,devsecops-main-check
Activity-Tracker-Frontend,devsecops-stage
Activity-Tracker-Frontend,frontend
Activity-Tracker-Frontend,gg_cicd_fe_dev
Activity-Tracker-Frontend,main
Activity-Tracker-Frontend,master
Activity-Tracker-Frontend,maxwell-patch1-dast
Activity-Tracker-Frontend,security-in-CI
Activity-Tracker-Frontend,security-scans
Activity-Tracker-Frontend,snyk-upgrade-6d1e628758df4353e6122664aec3186b
Activity-Tracker-Frontend,snyk-upgrade-9a081623efe2649f9c7f00d188195ce9
Activity-Tracker-Frontend,snyk-upgrade-c67612f34949fe2bbca9ed79e4c50686
Activity-Tracker-Frontend,snyk-upgrade-df4f0efd6d1d2efd25532351344ea24a
Activity-Tracker-Frontend,snyk-upgrade-e324406f0fe9a685b3622a9d804690ef
Activity-Tracker-Frontend,stage
Activity-Tracker-Backend,Joeasuquo-patch-1
Activity-Tracker-Backend,Joeasuquo-sca-check
Activity-Tracker-Backend,ansible
Activity-Tracker-Backend,backend
Activity-Tracker-Backend,backend-bu
Activity-Tracker-Backend,cicd-backend-dev
Activity-Tracker-Backend,cicd-be-dev-cluster
Activity-Tracker-Backend,cicd-test
Activity-Tracker-Backend,dast
Activity-Tracker-Backend,dependabot/npm_and_yarn/babel/traverse-7.23.2
Activity-Tracker-Backend,dependabot/npm_and_yarn/browserify-sign-4.2.2
Activity-Tracker-Backend,dependabot/npm_and_yarn/express-4.19.2
Activity-Tracker-Backend,dependabot/npm_and_yarn/follow-redirects-1.15.6
Activity-Tracker-Backend,dependabot/npm_and_yarn/json5-1.0.2
Activity-Tracker-Backend,dependabot/npm_and_yarn/postcss-8.4.31
Activity-Tracker-Backend,dependabot/npm_and_yarn/webpack-dev-middleware-5.3.4
Activity-Tracker-Backend,dev
Activity-Tracker-Backend,dev_
Activity-Tracker-Backend,devsecops-main
Activity-Tracker-Backend,devsecops-main2
Activity-Tracker-Backend,devsecops-main-test
Activity-Tracker-Backend,devsecops-stage
Activity-Tracker-Backend,feature/admin
Activity-Tracker-Backend,feature/new
Activity-Tracker-Backend,feature/setup
Activity-Tracker-Backend,feature/setup-basic-task
Activity-Tracker-Backend,feature/update
Activity-Tracker-Backend,fix/admin
Activity-Tracker-Backend,gkhhgcl-patch-1
Activity-Tracker-Backend,main
myMTNNG_App_Config,main
myMTNNG_App_Config,security-scans
After-Sales-Support,af-be-dev
After-Sales-Support,af-be-prod
After-Sales-Support,af-be-stage
After-Sales-Support,ans-prod
After-Sales-Support,ansible
After-Sales-Support,backend
After-Sales-Support,backend-dev
After-Sales-Support,backend-v2-dev
After-Sales-Support,backend-v2-prod
After-Sales-Support,backend-v2-stage
After-Sales-Support,base_image
After-Sales-Support,cicd-backend-dev
After-Sales-Support,dast
After-Sales-Support,desecops-af-be-stage1
After-Sales-Support,dev
After-Sales-Support,dev-test
After-Sales-Support,development
After-Sales-Support,development2
After-Sales-Support,development-new
After-Sales-Support,devsec-af-be-prod
After-Sales-Support,devsecops-af-be-dev
After-Sales-Support,devsecops-dev
After-Sales-Support,devsecops-stage
After-Sales-Support,fe
After-Sales-Support,feature-backend-update
After-Sales-Support,fetest
After-Sales-Support,gkhhgcl-patch-1
After-Sales-Support,gkhhgcl-patch-2
After-Sales-Support,gkhhgcl-patch-3
After-Sales-Support,main
Amazon-Tribe-Frontend,afolabi
Amazon-Tribe-Frontend,afolabi-admin
Amazon-Tribe-Frontend,akeyless-dev
Amazon-Tribe-Frontend,az-frontend
Amazon-Tribe-Frontend,backup-drop-12
Amazon-Tribe-Frontend,backup-drop-13
Amazon-Tribe-Frontend,cicd-frontend-dev
Amazon-Tribe-Frontend,cicd-test
Amazon-Tribe-Frontend,d-dev
Amazon-Tribe-Frontend,d-main
Amazon-Tribe-Frontend,d-stage
Amazon-Tribe-Frontend,dast
Amazon-Tribe-Frontend,dependabot/npm_and_yarn/axios-1.6.0
Amazon-Tribe-Frontend,dependabot/npm_and_yarn/babel/traverse-7.23.3
Amazon-Tribe-Frontend,dependabot/npm_and_yarn/next-auth-4.24.5
Amazon-Tribe-Frontend,dependabot/npm_and_yarn/sharp-0.32.6
Amazon-Tribe-Frontend,dev
Amazon-Tribe-Frontend,devops/patch-2
Amazon-Tribe-Frontend,devops/ssl
Amazon-Tribe-Frontend,devops/ssl-fix-1
Amazon-Tribe-Frontend,devsecop-scacheck-patch-1
Amazon-Tribe-Frontend,devsecops-dev
Amazon-Tribe-Frontend,drop1-backup
Amazon-Tribe-Frontend,drop2-backup
Amazon-Tribe-Frontend,drop3-backup
Amazon-Tribe-Frontend,feat/dashboard
Amazon-Tribe-Frontend,fix/duplicate-contracts
Amazon-Tribe-Frontend,fix/fix-request-pagination
Amazon-Tribe-Frontend,fix/resend-email
Amazon-Tribe-Frontend,fix/sort-admin-contracts
Amazon-Tribe-Backend,Joeasuquo-patch-1
Amazon-Tribe-Backend,Joeasuquo-patch-2
Amazon-Tribe-Backend,Joeasuquo-patch-3
Amazon-Tribe-Backend,Trufflehog-in-CI
Amazon-Tribe-Backend,az-backend
Amazon-Tribe-Backend,az-drop-backup
Amazon-Tribe-Backend,az-microservice_contract_prod
Amazon-Tribe-Backend,back-drop-9
Amazon-Tribe-Backend,backend-dev-1-Israel
Amazon-Tribe-Backend,backend-dev-1-Kanye
Amazon-Tribe-Backend,backend-dev-1
Amazon-Tribe-Backend,backend-dev-2
Amazon-Tribe-Backend,backend-stage-1
Amazon-Tribe-Backend,base-image-microservice
Amazon-Tribe-Backend,cicd-backend-dev
Amazon-Tribe-Backend,cicd-test
Amazon-Tribe-Backend,dast
Amazon-Tribe-Backend,dependabot/npm_and_yarn/laravel-vite-plugin-0.8.1
Amazon-Tribe-Backend,dependabot-config
Amazon-Tribe-Backend,dev
Amazon-Tribe-Backend,devesecops-dev1
Amazon-Tribe-Backend,devops/fix-3
Amazon-Tribe-Backend,devops/fix-4
Amazon-Tribe-Backend,devops_patch_10
Amazon-Tribe-Backend,devops/patch-2
Amazon-Tribe-Backend,devops/ssl-be
Amazon-Tribe-Backend,devops-patch-3
Amazon-Tribe-Backend,devops-patch-9
Amazon-Tribe-Backend,devsecops-dev
Amazon-Tribe-Backend,devsecops-dev-test
DMS-Third-Party-Service,Ikechukwu-Akandu-patch-1
DMS-Third-Party-Service,cicd-backend-dev
DMS-Third-Party-Service,dast
DMS-Third-Party-Service,dependabot/composer/aws/aws-sdk-php-3.295.7
DMS-Third-Party-Service,dependabot/composer/phpseclib/phpseclib-3.0.36
DMS-Third-Party-Service,dev
DMS-Third-Party-Service,devsecops-dev
DMS-Third-Party-Service,holder
DMS-Third-Party-Service,main
DMS-Third-Party-Service,modify
DMS-Third-Party-Service,production
DMS-Third-Party-Service,security-scans
DMS-Third-Party-Service,thirdparty-tz
DMS-Third-Party-Service,tp-dev
Design-Council,main
Design-Council,security-scans
mtnn_fleet_app,drop-one
mtnn_fleet_app,drop-two
mtnn_fleet_app,main
mtnn_fleet_app,main-dev
mtnn_fleet_app,security-scans
MTN-CAREER-FAIR,ansible_fe
MTN-CAREER-FAIR,ansible
MTN-CAREER-FAIR,api-dev
MTN-CAREER-FAIR,dast
MTN-CAREER-FAIR,dev_frontend
MTN-CAREER-FAIR,dev
MTN-CAREER-FAIR,devdevfe
MTN-CAREER-FAIR,feat/pulseEvent
MTN-CAREER-FAIR,feature/api
MTN-CAREER-FAIR,feature/frontend
MTN-CAREER-FAIR,frontend
MTN-CAREER-FAIR,main
MTN-CAREER-FAIR,new-api
MTN-CAREER-FAIR,oluwadamilare-akinbode-patch-1
MTN-CAREER-FAIR,prod_api
MTN-CAREER-FAIR,prod_backend
MTN-CAREER-FAIR,prod_frontend
MTN-CAREER-FAIR,pulse/feat
MTN-CAREER-FAIR,pulse_frontend_prod
MTN-CAREER-FAIR,pulse_frontend_stage
MTN-CAREER-FAIR,pulse_frontend
MTN-CAREER-FAIR,revert-53-security_resolve
MTN-CAREER-FAIR,security_resolve
MTN-CAREER-FAIR,security-scans
MTN-CAREER-FAIR,stage_backend
MTN-CAREER-FAIR,stage_frontend
MTN-CAREER-FAIR,test2
Avatar-Portal,az-prod
Avatar-Portal,base_image
Avatar-Portal,codespace-babatunde-fatai-h-fantastic-space-ww769g6xpppf7xg
Avatar-Portal,cros_error
Avatar-Portal,dast
Avatar-Portal,dependabot/npm_and_yarn/axios-1.6.0
Avatar-Portal,dependabot/npm_and_yarn/babel/traverse-7.23.3
Avatar-Portal,dependabot/npm_and_yarn/postcss-8.4.31
Avatar-Portal,dependabot/npm_and_yarn/vite-4.4.12
Avatar-Portal,dev_frontend
Avatar-Portal,devsecops-main
Avatar-Portal,devsecops-stage
Avatar-Portal,fixes_to_dev
Avatar-Portal,frontend
Avatar-Portal,gkhhgcl-non-root
Avatar-Portal,gkhhgcl-patch-1
Avatar-Portal,gkhhgcl-patch-2
Avatar-Portal,gkhhgcl-patch-3
Avatar-Portal,gkhhgcl-patch-4
Avatar-Portal,gkhhgcl-patch-5
Avatar-Portal,gkhhgcl-patch-6
Avatar-Portal,gkhhgcl-patch-7
Avatar-Portal,gkhhgcl-patch-8
Avatar-Portal,gkhhgcl-patch-9
Avatar-Portal,gkhhgcl-patch-10
Avatar-Portal,gkhhgcl-patch-11
Avatar-Portal,joe/deployment-fix
Avatar-Portal,joe/xureal-auth
Avatar-Portal,main
Avatar-Portal,main-fix
APP-PAD-Frontend,ansible
APP-PAD-Frontend,dast
APP-PAD-Frontend,dependabot/npm_and_yarn/axios-1.6.0
APP-PAD-Frontend,dependabot/npm_and_yarn/next-13.5.0
APP-PAD-Frontend,dependabot/npm_and_yarn/postcss-8.4.31
APP-PAD-Frontend,dependabot/npm_and_yarn/word-wrap-1.2.5
APP-PAD-Frontend,dev
APP-PAD-Frontend,devsecops-dev
APP-PAD-Frontend,devsecops-main
APP-PAD-Frontend,main
APP-PAD-Frontend,security-scans
APP-PAD-Frontend,snyk-upgrade-36d562cf0623eae0964941b5d81ad9cf
APP-PAD-Frontend,snyk-upgrade-caf33a3df9dc7a277de10b9e27e3a84d
APP-PAD-Frontend,snyk-upgrade-ccf6147ad8c107634e9e2465a6d62884
APP-PAD-Frontend,snyk-upgrade-d4fd510173bcb4a0e2d4683a28440568
APP-PAD-Frontend,snyk-upgrade-f3b0824cd435aa285d1a3d2688ea8219
APP-PAD-Frontend,stage
APP-PAD-Frontend,test
APP-PAD-Frontend,trufflehog-in-CI
APP-PAD-Backend,Joeasuquo-patch-1
APP-PAD-Backend,ansible
APP-PAD-Backend,dast
APP-PAD-Backend,dev
APP-PAD-Backend,devsecops-stage
APP-PAD-Backend,main
APP-PAD-Backend,security-scans
APP-PAD-Backend,stage
myMTN-NG-Core,PROD-17MAR
myMTN-NG-Core,develop
myMTN-NG-Core,main
myMTN-NG-Core,master
myMTN-NG-Core,release/app_version_1.4.1_2
myMTN-NG-Core,security-scans
myMTN-NG-Core,snyk-upgrade-112322a7e6b14c2dfe4d50c4aa136e07
Avatar_portal_backend,Dev_service01
Avatar_portal_backend,Joeasuquo-patch-1
Avatar_portal_backend,Joeasuquo-patch-2-main
Avatar_portal_backend,Joeasuquo-patch-main
Avatar_portal_backend,add-trivy-to-workflow
Avatar_portal_backend,az-backend
Avatar_portal_backend,az-dev
Avatar_portal_backend,az-prod
Avatar_portal_backend,dast
Avatar_portal_backend,dependabot/npm_and_yarn/axios-1.6.0
Avatar_portal_backend,dependabot/npm_and_yarn/babel/traverse-and-depcheck-7.23.2
Avatar_portal_backend,dependabot/npm_and_yarn/braces-3.0.3
Avatar_portal_backend,dependabot/npm_and_yarn/express-4.19.2
Avatar_portal_backend,dependabot/npm_and_yarn/multi-b9d63894b3
Avatar_portal_backend,dependabot/npm_and_yarn/mysql2-3.9.8
Avatar_portal_backend,dependabot/npm_and_yarn/postcss-8.4.31
Avatar_portal_backend,dev
Avatar_portal_backend,devops-patch-1
Avatar_portal_backend,devsecops-main
Avatar_portal_backend,devsecops-stage
Avatar_portal_backend,feat-admin-roles
Avatar_portal_backend,feat-metrics
Avatar_portal_backend,gkhhgcl-patch-1
Avatar_portal_backend,gkhhgcl-patch-2
Avatar_portal_backend,gkhhgcl-patch-3
Avatar_portal_backend,joe/hot-dev
Avatar_portal_backend,main
Avatar_portal_backend,maxwell-patch1-dast
Avatar_portal_backend,owasp-zap
Avatar_portal_backend,revert-21-Dev_service01
Enterprise_License_Manager,Joeasuquo-patch-1
Enterprise_License_Manager,Joeasuquo-patch-2
Enterprise_License_Manager,Joeasuquo-patch-3
Enterprise_License_Manager,dan/changes
Enterprise_License_Manager,dependabot/npm_and_yarn/axios-1.6.0
Enterprise_License_Manager,dependabot/npm_and_yarn/braces-3.0.3
Enterprise_License_Manager,dependabot/npm_and_yarn/next-14.1.1
Enterprise_License_Manager,dependabot/npm_and_yarn/postcss-8.4.31
Enterprise_License_Manager,dev
Enterprise_License_Manager,devsecops
Enterprise_License_Manager,devsecops-main
Enterprise_License_Manager,main
Enterprise_License_Manager,new-app/dev
Enterprise_License_Manager,new-ui-conv
Enterprise_License_Manager,security-scans
Enterprise_License_Manager,test
Design_Coucil_frontend,main
Design_Coucil_frontend,security-scans
Design_Council,dependabot/npm_and_yarn/axios-1.6.0
Design_Council,dependabot/npm_and_yarn/next-13.5.0
Design_Council,dependabot/npm_and_yarn/next-auth-4.24.5
Design_Council,dependabot/npm_and_yarn/postcss-8.4.31
Design_Council,dependabot/npm_and_yarn/semver-6.3.1
Design_Council,dependabot/npm_and_yarn/word-wrap-1.2.5
Design_Council,main
Design_Council,security-scans
ng-tkgi-platform,autofix/alert-10-2c52d49938
ng-tkgi-platform,main
ng-tkgi-platform,security-scans
PrestigeAirport_Frontend,Bug-fix
PrestigeAirport_Frontend,ch/bug-fix
PrestigeAirport_Frontend,dan
PrestigeAirport_Frontend,dast
PrestigeAirport_Frontend,debugging
PrestigeAirport_Frontend,dependabot/npm_and_yarn/axios-1.6.8
PrestigeAirport_Frontend,dependabot/npm_and_yarn/follow-redirects-1.15.6
PrestigeAirport_Frontend,dependabot/npm_and_yarn/jose-4.15.5
PrestigeAirport_Frontend,dependabot/npm_and_yarn/mysql2-3.9.4
PrestigeAirport_Frontend,dependabot/npm_and_yarn/next-13.5.0
PrestigeAirport_Frontend,dependabot/npm_and_yarn/next-auth-4.24.5
PrestigeAirport_Frontend,dependabot/npm_and_yarn/postcss-8.4.31
PrestigeAirport_Frontend,dependabot/npm_and_yarn/tar-6.2.1
PrestigeAirport_Frontend,dev_edits
PrestigeAirport_Frontend,dev
PrestigeAirport_Frontend,devsec-dev
PrestigeAirport_Frontend,devsecops-patch-1
PrestigeAirport_Frontend,encryption
PrestigeAirport_Frontend,error-handling
PrestigeAirport_Frontend,feature/aes256-encryption
PrestigeAirport_Frontend,fix/bug
PrestigeAirport_Frontend,fix/db_prod_config
PrestigeAirport_Frontend,fixes
PrestigeAirport_Frontend,fx/appRestart
PrestigeAirport_Frontend,fx/bug-fix
PrestigeAirport_Frontend,fx/fix
PrestigeAirport_Frontend,gkhhcl-fix1/main
PrestigeAirport_Frontend,gkhhgcl-patch-1
PrestigeAirport_Frontend,gkhhgcl-patch-2
PrestigeAirport_Frontend,gkhhgcl-patch-3
myMTNNG_Play,PLAY-1194-playpreprod
myMTNNG_Play,ckeditor-readmore-remove-button
myMTNNG_Play,dependabot/npm_and_yarn/core/ws-8.17.1
myMTNNG_Play,dependabot/npm_and_yarn/libraries/dompurify/socket.io-4.7.5
myMTNNG_Play,dependabot/npm_and_yarn/modules/contrib/ckeditor_font/js/webpack-5.94.0
myMTNNG_Play,dependabot/npm_and_yarn/modules/contrib/paragraphs/css/decode-uri-component-0.2.2
myMTNNG_Play,dependabot/npm_and_yarn/modules/contrib/paragraphs/css/es5-ext-0.10.64
myMTNNG_Play,dependabot/npm_and_yarn/modules/contrib/paragraphs/css/lodash-4.17.21
myMTNNG_Play,dependabot/npm_and_yarn/modules/contrib/paragraphs/css/minimist-1.2.8
myMTNNG_Play,dependabot/npm_and_yarn/modules/contrib/paragraphs/css/multi-7d42451eb5
myMTNNG_Play,dependabot/npm_and_yarn/modules/contrib/paragraphs/css/multi-411513605d
myMTNNG_Play,dependabot/npm_and_yarn/modules/contrib/paragraphs/css/multi-d2f6d09699
myMTNNG_Play,dependabot/npm_and_yarn/modules/contrib/paragraphs/css/qs-6.5.3
myMTNNG_Play,flexa_bug
myMTNNG_Play,flexa_order
myMTNNG_Play,flexa-enhancement
myMTNNG_Play,flexa-enhansment
myMTNNG_Play,gtm-test
myMTNNG_Play,header-enrichment-ipification
myMTNNG_Play,main
myMTNNG_Play,my-order-fixes
myMTNNG_Play,play/independence-day
myMTNNG_Play,play/manohar
myMTNNG_Play,play/quick-fix
myMTNNG_Play,play/release-33
myMTNNG_Play,play/release-flexa
myMTNNG_Play,play/sprint-32-arvind
myMTNNG_Play,play/tushar
myMTNNG_Play,playpreprod
myMTNNG_Play,playprod
myMTNNG_Mpulse,MPUL-yelloverse
myMTNNG_Mpulse,cookie_consent_prod
myMTNNG_Mpulse,feature/seo
myMTNNG_Mpulse,fix/seo
myMTNNG_Mpulse,main
myMTNNG_Mpulse,mpulsedev
myMTNNG_Mpulse,mpulsepreprod
myMTNNG_Mpulse,mpulsepreprod_6june
myMTNNG_Mpulse,mpulseprod
myMTNNG_Mpulse,mpulseprod_2july
myMTNNG_Mpulse,mpulseprod_23may
myMTNNG_Mpulse,security-scans
myMTNNG_Mpulse,sprint_23
myMTNNG_Mpulse,sprint_24
myMTNNG_Mpulse,sprint_26
SME-HIVE-Fronted,Trivy
SME-HIVE-Fronted,admin-fe-dev
SME-HIVE-Fronted,admin-fe-prod
SME-HIVE-Fronted,admin-fe-stage
SME-HIVE-Fronted,admin-test
SME-HIVE-Fronted,auth0
SME-HIVE-Fronted,az-admin-fe-prod
SME-HIVE-Fronted,az-fe-prod
SME-HIVE-Fronted,card/cms-add-card
SME-HIVE-Fronted,chore/add-deactivated-tab-sp-approval
SME-HIVE-Fronted,chore/approval-Registration-date
SME-HIVE-Fronted,chore/change-text-from-pixel-to-rem
SME-HIVE-Fronted,chore/clean-up
SME-HIVE-Fronted,chore/cms-herobanner-with-getResponse
SME-HIVE-Fronted,chore/cms-quality-control
SME-HIVE-Fronted,chore/feedback-fixes
SME-HIVE-Fronted,chore/small-adjustment-and-cleanup
SME-HIVE-Fronted,chore/version-compattibility-change-and-font-linking
SME-HIVE-Fronted,chore-clean-ups
SME-HIVE-Fronted,chore-enpoint-troubleshoot-azure
SME-HIVE-Fronted,cms/access-area-1
SME-HIVE-Fronted,cms/contact-us
SME-HIVE-Fronted,cms/gallery
SME-HIVE-Fronted,community
SME-HIVE-Fronted,completion
SME-HIVE-Fronted,conflict-res
SME-HIVE-Fronted,dast
SME-HIVE-Fronted,deps/dependecy-upgrade-with-cleanup
SME-HIVE-Fronted,dev_admin_frontend
SME-HIVE-Fronted,dev_web
SODR_ANSIBLE,DBMS_PROD
SODR_ANSIBLE,Demo-Branch
SODR_ANSIBLE,VMWARE
SODR_ANSIBLE,clm_production
SODR_ANSIBLE,converge
SODR_ANSIBLE,dbms
SODR_ANSIBLE,dbms-uche
SODR_ANSIBLE,demo-branch
SODR_ANSIBLE,demo-usecase-dev
SODR_ANSIBLE,lnx-usecase-dev
SODR_ANSIBLE,main
SODR_ANSIBLE,my_new_branch
SODR_ANSIBLE,mynew-branch
SODR_ANSIBLE,owc-dev
SODR_ANSIBLE,owc-prod
Prestige_Backend,main
VOC_Frontend,Joeasuquo-patch-1
VOC_Frontend,az-prod
VOC_Frontend,dependabot/npm_and_yarn/axios-1.6.0
VOC_Frontend,dependabot/npm_and_yarn/next-13.5.0
VOC_Frontend,dependabot/npm_and_yarn/postcss-8.4.31
VOC_Frontend,dev
VOC_Frontend,devsec-az-prod
VOC_Frontend,emrick-dev
VOC_Frontend,feat/mobile-responsiveness
VOC_Frontend,feat/table-pagination
VOC_Frontend,feat/user-responses
VOC_Frontend,gkhhgcl-patch-1
VOC_Frontend,gkhhgcl-patch-2
VOC_Frontend,gkhhgcl-patch-3
VOC_Frontend,main
VOC_Frontend,manual-approval
VOC_Frontend,merge-main-to-dev
VOC_Frontend,readme-update
VOC_Frontend,respondent-fix
VOC_Frontend,stage
VOC_Frontend,stage-test
VOC_Frontend,staging
VOC_Frontend,temi-dev
VOC_Backend,HenryOE-patch-1
VOC_Backend,az-prod
VOC_Backend,dependabot/nuget/MTNVoiceOfCustomer.Utility/System.IdentityModel.Tokens.Jwt-6.34.0
VOC_Backend,develop
VOC_Backend,gkhhgcl-patch-1
VOC_Backend,gkhhgcl-patch-2
VOC_Backend,henry-dev
VOC_Backend,main
VOC_Backend,maro_dev2
VOC_Backend,maro_dev3
VOC_Backend,prodfix
VOC_Backend,stage
VOC_Backend,stage-test
Helm-Charts,azure-dev
Helm-Charts,azure-prod
Helm-Charts,base-images
Helm-Charts,dev
Helm-Charts,main
Helm-Charts,prod
Helm-Charts,stage
MTN-GIFT-SPFX,No branches or repo not found
MTNConfirmation,No branches or repo not found
SSP-BACKOFFICE_1,add-tanstack
SSP-BACKOFFICE_1,agents-branch
SSP-BACKOFFICE_1,dependabot/npm_and_yarn/braces-3.0.3
SSP-BACKOFFICE_1,dependabot/npm_and_yarn/next-14.1.1
SSP-BACKOFFICE_1,develop
SSP-BACKOFFICE_1,feat/lockPhone
SSP-BACKOFFICE_1,feat/login
SSP-BACKOFFICE_1,gkhhgcl-patch-1
SSP-BACKOFFICE_1,gkhhgcl-patch-2
SSP-BACKOFFICE_1,gkhhgcl-patch-3
SSP-BACKOFFICE_1,main
SSP-BACKOFFICE_1,revert-248-dependabot/npm_and_yarn/next-14.1.1
SSP-BACKOFFICE_1,revert-268-revert-265-stage
SSP-BACKOFFICE_1,snyk-upgrade-50e1cb790a61ea77aa754f2aed6f9bd8
SSP-BACKOFFICE_1,snyk-upgrade-333fd4f8210725a36899b1e56e6fb9c0
SSP-BACKOFFICE_1,snyk-upgrade-a835cf18604993372301db8e17d42ff7
SSP-BACKOFFICE_1,snyk-upgrade-d592e7096a65712fc81100829686cb91
SSP-BACKOFFICE_1,snyk-upgrade-e685cb1945bf561a21580de3c2da17f2
SSP-BACKOFFICE_1,stage
SSP-BACKOFFICE_1,test-branch
Discussions,main
Event_APP_Frontend,dev
Event_APP_Frontend,eoy
Event_APP_Frontend,main
Event_APP_Frontend,stage
Event_APP_Frontend,team-bondong
Event_APP_Frontend,update-dev
Event_APP_Frontend,valentine-shoutout
Event_APP_Backend,dependabot/npm_and_yarn/class-validator-0.14.0
Event_APP_Backend,dependabot/npm_and_yarn/follow-redirects-1.15.6
Event_APP_Backend,dependabot/npm_and_yarn/jsonwebtoken-9.0.0
Event_APP_Backend,dependabot/npm_and_yarn/tar-6.2.1
Event_APP_Backend,dev
Event_APP_Backend,main
Event_APP_Backend,snyk-upgrade-3851e6b852dd20c3caf10aea17396b81
Event_APP_Backend,stage
Event_APP_Backend,team-bonding
Event_APP_Backend,test-dev
Smart-Store-API,Lalith-hhgcl-patch-1
Smart-Store-API,api
Smart-Store-API,bg-fix-npfg-token
Smart-Store-API,dependabot/npm_and_yarn/express-and-nestjs/core-and-nestjs/platform-express-and-nestjs/platform-socket.io-and-nestjs/websockets-and-nestjs/testing-4.19.2
Smart-Store-API,dependabot/npm_and_yarn/follow-redirects-1.15.6
Smart-Store-API,dev
Smart-Store-API,devsecops-dev
Smart-Store-API,devsecops-dev2
Smart-Store-API,devsecops-main
Smart-Store-API,feat-remove-secret
Smart-Store-API,ft-add-retry
Smart-Store-API,ft-admin-auth
Smart-Store-API,ft-change-madapi-auth-mechanism
Smart-Store-API,ft-emit-event
Smart-Store-API,ft-smart-store-api
Smart-Store-API,ft-submit-sim-swap
Smart-Store-API,gkhhgcl-patch-1
Smart-Store-API,good-branch
Smart-Store-API,main
Smart-Store-API,snyk-upgrade-1066b4fd07ec4e256e7a12aa6f004a2a
Smart-Store-API,snyk-upgrade-4246b7b07eaf70360b98caa945a9afb4
Smart-Store-API,snyk-upgrade-c60a5c1e3ca4625ae430c6497e1efce5
Smart-Store-API,snyk-upgrade-d9e63deaf716f435e3b319ca9f0ecf50
Smart-Store-API,snyk-upgrade-d1930b372a7effb785bc01e4aa3312b9
Smart-Store-API,stage
Smart-Store-API,update/pin-profile
Momo-NG-Mini-app,Dev-Azure
Momo-NG-Mini-app,Prod-Azure
Momo-NG-Mini-app,add_new_apps
Momo-NG-Mini-app,authentication_with_momo_token
Momo-NG-Mini-app,cicd
Momo-NG-Mini-app,develop
Momo-NG-Mini-app,devsecops-dev
Momo-NG-Mini-app,main
Momo-NG-Mini-app,overhaul_refactor
Momo-NG-Mini-app,preprod
Momo-NG-Mini-app,revert-4-authentication_with_momo_token
Momo-NG-Mini-app,revert-5-authentication_with_momo_token
Momo-NG-Mini-app,revert-6-revert-5-authentication_with_momo_token
mtn-finance-helpdesk,dependabot/npm_and_yarn/follow-redirects-1.15.6
mtn-finance-helpdesk,dependabot/npm_and_yarn/next-14.1.1
mtn-finance-helpdesk,main
mtn-finance-helpdesk,shola/dev
mtn-dxl-microservices-repository,master
publications_Backend,dev
publications_Backend,main
publications_Backend,stage
Aftersales-BE,api-dev
Aftersales-BE,backend-v2-dev
Aftersales-BE,backend-v2-prod
Aftersales-BE,backend-v2-stage
Aftersales-BE,dependabot/npm_and_yarn/express-and-nestjs/platform-express-4.19.2
Aftersales-BE,dependabot/npm_and_yarn/follow-redirects-1.15.6
Aftersales-BE,dependabot/npm_and_yarn/tar-6.2.1
Aftersales-BE,dev-update
Aftersales-BE,emmiter
Aftersales-BE,local-dev
Aftersales-BE,telemetry
Momo-NG-NPG,chore/invoke-payment-charge-update
Momo-NG-NPG,chore/remove-local-env
Momo-NG-NPG,develop
Momo-NG-NPG,fix/remove-product-check
Momo-NG-NPG,fix/webhook-response-processing-fix
Momo-NG-NPG,fix/yml-update
Momo-NG-NPG,ft/deployment-update
Momo-NG-NPG,ft/encryption-impl
Momo-NG-NPG,ft/env-update
Momo-NG-NPG,ft/pre-prod-deployment-setup
Momo-NG-NPG,ft/prod-env-whitelisting
Momo-NG-NPG,ft/readme
Momo-NG-NPG,ft/refund-implementation
Momo-NG-NPG,ft/remove-failure-trigger
Momo-NG-NPG,ft/sms-impl
Momo-NG-NPG,ft/trigger-transfer-failure
Momo-NG-NPG,main
Momo-NG-NPG,momoUrl
Momo-NG-NPG,preprod
retail_pos_fe,dependabot/npm_and_yarn/micromatch-4.0.8
retail_pos_fe,dependabot/npm_and_yarn/next-14.2.12
retail_pos_fe,dev_admin
retail_pos_fe,dev
retail_pos_fe,feat/admindashboard
retail_pos_fe,feat/newdashboard
retail_pos_fe,feat/posadmin
retail_pos_fe,feat/userpos
retail_pos_fe,gkhhgcl-patch-1
retail_pos_fe,gkhhgcl-patch-2
retail_pos_fe,layout-branch
retail_pos_fe,main
retail_pos_fe,prod_admin
retail_pos_fe,revert-2-feat/admindashboard
retail_pos_fe,revert-3-feat/admindashboard
retail_pos_fe,stage_admin
retail_pos_fe,stage
retail_pos_fe,temitope
retail_pos_be,chore/update-merchant
retail_pos_be,dev
retail_pos_be,devsecops-main
retail_pos_be,fixx
retail_pos_be,ft/add-business
retail_pos_be,main
retail_pos_be,stage
retail_pos_be,to-restart
MOMO_CORPORATE_FE,Fixes
MOMO_CORPORATE_FE,UIbuild
MOMO_CORPORATE_FE,dependabot/npm_and_yarn/micromatch-4.0.8
MOMO_CORPORATE_FE,dependabot/npm_and_yarn/next-14.2.10
MOMO_CORPORATE_FE,dev
MOMO_CORPORATE_FE,main
MOMO_CORPORATE_FE,stage
MOMO_CORPORATE_BE,dev
MOMO_CORPORATE_BE,main
MOMO_CORPORATE_BE,stage
one-customer-fe,dependabot/npm_and_yarn/braces-3.0.3
one-customer-fe,dependabot/npm_and_yarn/micromatch-4.0.8
one-customer-fe,dependabot/npm_and_yarn/next-14.2.13
one-customer-fe,dev
one-customer-fe,feature/frontend
one-customer-fe,stage
one_customer_be,dependabot/nuget/OneCustomerWebAPI.Core/Newtonsoft.Json-13.0.1
one_customer_be,dev
one_customer_be,feature/api
one_customer_be,feature/dotnetbranch
one_customer_be,henry-dev
one_customer_be,maropublish
one_customer_be,stage
BULK_UPLOAD_BE,dev_sub_1
BULK_UPLOAD_BE,dev_sub_2
BULK_UPLOAD_BE,dev_sub_3
BULK_UPLOAD_BE,dev
BULK_UPLOAD_BE,feature/api
BULK_UPLOAD_BE,fixes
BULK_UPLOAD_BE,main
BULK_UPLOAD_BE,stage_sub_1
BULK_UPLOAD_BE,stage_sub_2
BULK_UPLOAD_BE,stage_sub_3
BULK_UPLOAD_BE,stage
BULK_UPLOAD_FE,code-cleanup
BULK_UPLOAD_FE,dependabot/npm_and_yarn/micromatch-4.0.8
BULK_UPLOAD_FE,dependabot/npm_and_yarn/next-14.2.10
BULK_UPLOAD_FE,dev
BULK_UPLOAD_FE,feature/ncc
BULK_UPLOAD_FE,main
BULK_UPLOAD_FE,stage
employee.bot.be,dependabot/npm_and_yarn/main/eslint-9.10.0
employee.bot.be,dependabot/npm_and_yarn/main/langchain/openai-0.3.0
employee.bot.be,dependabot/npm_and_yarn/main/langchain-0.3.0
employee.bot.be,dependabot/npm_and_yarn/main/mongodb-6.9.0
employee.bot.be,dependabot/npm_and_yarn/main/prisma/client-5.19.1
employee.bot.be,dependabot/npm_and_yarn/main/types/node-22.5.4
employee.bot.be,dependabot/npm_and_yarn/main/types/uuid-10.0.0
employee.bot.be,dependabot/npm_and_yarn/main/typescript-5.6.2
employee.bot.be,dependabot/npm_and_yarn/main/typescript-eslint/eslint-plugin-8.5.0
employee.bot.be,dependabot/npm_and_yarn/main/typescript-eslint/parser-8.5.0
employee.bot.be,dependabot/npm_and_yarn/micromatch-4.0.8
employee.bot.be,dev
employee.bot.be,iyi/dev
employee.bot.be,main
employee.bot.be,moses/dev_temp
employee.bot.be,moses/dev
employee.bot.be,stage
employee.bot.fe,dependabot/npm_and_yarn/axios-1.7.4
employee.bot.fe,dependabot/npm_and_yarn/braces-3.0.3
employee.bot.fe,dependabot/npm_and_yarn/micromatch-4.0.8
employee.bot.fe,dependabot/npm_and_yarn/postcss-8.4.38
employee.bot.fe,dev
employee.bot.fe,feat/ui
employee.bot.fe,feature/pwa
employee.bot.fe,hope/create-admin-button
employee.bot.fe,hope/new-feature
employee.bot.fe,iyi
employee.bot.fe,main
employee.bot.fe,moses/dev
employee.bot.fe,moses/feat-ai
employee.bot.fe,moses/message-loader
employee.bot.fe,moses/shadcn-ui
employee.bot.fe,pam/adjust-ui
employee.bot.fe,pam/chat-ai
employee.bot.fe,pam/dev
employee.bot.fe,pam/dev-fix
employee.bot.fe,pam/fixes
employee.bot.fe,pam/knowledge-bank
employee.bot.fe,pam/message-loader
employee.bot.fe,stage
mtn-dxl-microservices-customer-kyc-repository,develop
mtn-dxl-microservices-customer-kyc-repository,develop-devops
mtn-dxl-microservices-customer-kyc-repository,devsecops-dev
mtn-dxl-microservices-customer-kyc-repository,master
mtn-dxl-microservices-customer-balance-plans-repository,develop
mtn-dxl-microservices-customer-balance-plans-repository,develop-devops
mtn-dxl-microservices-customer-balance-plans-repository,master
mtn-dxl-microservices-customer-balance-plans-repository,prod_release_27_06_2023
mtn-dxl-microservices-customer-balance-plans-repository,releaseBranch
mtn-dxl-microservices-auth0-merge-profiles-repository,develop
mtn-dxl-microservices-auth0-merge-profiles-repository,master
mtn-dxl-microservices-manage-numbers-repository,develop
mtn-dxl-microservices-manage-numbers-repository,develop-devops
mtn-dxl-microservices-manage-numbers-repository,master
mtn-dxl-microservices-mini-app-repository,adhocProduction-22-12-2023
mtn-dxl-microservices-mini-app-repository,dependabot/maven/cn.hutool-hutool-all-5.8.21
mtn-dxl-microservices-mini-app-repository,develop
mtn-dxl-microservices-mini-app-repository,develop-devops
mtn-dxl-microservices-mini-app-repository,master
mtn-dxl-microservices-mini-app-repository,mtn-dxl-microservices-esim-repository
mtn-dxl-microservices-product-eligibility-repository,develop
mtn-dxl-microservices-product-eligibility-repository,develop-devops
mtn-dxl-microservices-product-eligibility-repository,master
mtn-dxl-microservices-product-eligibility-repository,product/github
mtn-dxl-microservices-customer-plans-lightweight-repository,develop
mtn-dxl-microservices-customer-plans-lightweight-repository,develop-devops
mtn-dxl-microservices-customer-plans-lightweight-repository,master
mtn-dxl-microservices-pulse-plans-kyc-repository,develop
mtn-dxl-microservices-pulse-plans-kyc-repository,develop-devops
mtn-dxl-microservices-pulse-plans-kyc-repository,master
mtn_npgpaymentservice_repository,FfstatusMaxCountRefund-vdn
mtn_npgpaymentservice_repository,K8S-SECRETS
mtn_npgpaymentservice_repository,MNUW-2850-postpaid-bill-payment-ark
mtn_npgpaymentservice_repository,MNUW-2850-postpaid-bill-payment-ark-stagingweb
mtn_npgpaymentservice_repository,MNUW-4099_Mega_Deal_Issue_mc
mtn_npgpaymentservice_repository,MNUW-4099_Mega_Deal_Issue_mw
mtn_npgpaymentservice_repository,MS5-380_Invalid_Signature_isse_ark-m
mtn_npgpaymentservice_repository,MS5-380_Invalid_Signature_isse_ark-mc
mtn_npgpaymentservice_repository,NPGMsisdn
mtn_npgpaymentservice_repository,NPGPayment
mtn_npgpaymentservice_repository,SonarLintChanges
mtn_npgpaymentservice_repository,auth-token-empty-string-status-2023-04-20
mtn_npgpaymentservice_repository,distable_auto_retries_ark-sc
mtn_npgpaymentservice_repository,distable_auto_retries_ark-sw
mtn_npgpaymentservice_repository,feature/stagingcron/akshay
mtn_npgpaymentservice_repository,feature_stagingcron
mtn_npgpaymentservice_repository,feature/stagingweb/akshay
mtn_npgpaymentservice_repository,fraud_alert_issue_ark_sc
mtn_npgpaymentservice_repository,fraud_alert_issue_ark_sw
mtn_npgpaymentservice_repository,invalid_or_missing_parameter_key_invalid_mastercron
mtn_npgpaymentservice_repository,master_feature
mtn_npgpaymentservice_repository,master_reset_change
mtn_npgpaymentservice_repository,master
mtn_npgpaymentservice_repository,masterauth
mtn_npgpaymentservice_repository,mastercron
mtn_npgpaymentservice_repository,momoFeature-development
mtn_npgpaymentservice_repository,postpaidbillpayment
mtn_npgpaymentservice_repository,postpaidchanges-ark-mc
mtn_npgpaymentservice_repository,postpaidchanges-ark-mw
mtn_npgpaymentservice_repository,refundissue_ark-mc
HR_CHATBOT_FE,dependabot/npm_and_yarn/micromatch-4.0.8
HR_CHATBOT_FE,dependabot/npm_and_yarn/next-14.2.10
HR_CHATBOT_FE,main
HR_CHATBOT_BE,main
Partner_Portal_BE,az_backend_admin
Partner_Portal_BE,az_backend
Partner_Portal_BE,dependabot/composer/phpoffice/phpspreadsheet-1.29.1
Partner_Portal_BE,dependabot/npm_and_yarn/axios-1.7.4
Partner_Portal_BE,dependabot/npm_and_yarn/rollup-4.22.4
Partner_Portal_BE,dependabot/npm_and_yarn/vite-5.4.6
Partner_Portal_BE,dev_admin
Partner_Portal_BE,dev
Partner_Portal_BE,feature/admin
Partner_Portal_BE,feature/api
Partner_Portal_BE,kanye
Partner_Portal_BE,kanye-admin
Partner_Portal_BE,moses_admin
Partner_Portal_BE,moses
Partner_Portal_BE,pre_prod_admin
Partner_Portal_BE,pre_prod
Partner_Portal_BE,stage_admin
Partner_Portal_BE,stage
Partner_Portal_FE,admin
Partner_Portal_FE,admin-dev
Partner_Portal_FE,admin-pre-prod
Partner_Portal_FE,admin-stage
Partner_Portal_FE,az_frontend
Partner_Portal_FE,az-admin-prod
Partner_Portal_FE,dependabot/npm_and_yarn/next-14.2.10
Partner_Portal_FE,dev
Partner_Portal_FE,elijah
Partner_Portal_FE,elijah-admin
Partner_Portal_FE,feat/admin-license-approval
Partner_Portal_FE,feat/admin-trackables
Partner_Portal_FE,fix-admin-dev
Partner_Portal_FE,main
Partner_Portal_FE,pre_prod
Partner_Portal_FE,settle-admin-dev
Partner_Portal_FE,stage
Partner_Portal_FE,temi-admin-dev
Partner_Portal_FE,temi-dev
NextGen-UserMgt-Ext,coralpayupdates
NextGen-UserMgt-Ext,main
CITY_APP_BE,Lalith-hhgcl-patch-1
CITY_APP_BE,ayokanmi/dev
CITY_APP_BE,ayokanmi/dev-settings
CITY_APP_BE,dev
CITY_APP_BE,elijah/dev
CITY_APP_BE,elijah/dev2
CITY_APP_BE,gkhhgcl-patch-1
CITY_APP_BE,gkhhgcl-patch-2
CITY_APP_BE,gkhhgcl-patch-3
CITY_APP_BE,gkhhgcl-patch-4
CITY_APP_BE,gkhhgcl-patch-5
CITY_APP_BE,gkhhgcl-patch-6
CITY_APP_BE,gkhhgcl-patch-7
CITY_APP_BE,gkhhgcl-patch-8
CITY_APP_BE,gkhhgcl-test-1
CITY_APP_BE,main
CITY_APP_BE,moses/build-scripts
CITY_APP_BE,moses/dev_temp
CITY_APP_BE,moses/dev
CITY_APP_BE,moses/docker_infra
CITY_APP_BE,stage
CITY_APP_FE,clinton/dev
CITY_APP_FE,clinton/next_router
CITY_APP_FE,dev
CITY_APP_FE,elijah/dev
CITY_APP_FE,fix/test-apk
CITY_APP_FE,main
CITY_APP_FE,moses/dev
CITY_APP_FE,moses/discovery_repository
CITY_APP_FE,moses/melos
CITY_APP_FE,moses/next_router
CITY_APP_FE,onboarding-screen
CITY_APP_FE,pam/dev
CITY_APP_FE,pam/discovery_api
CITY_APP_FE,pam/login
CITY_APP_FE,pam/services
CITY_APP_FE,release/iat-v1.0.0-dev
NextGen-Channels,MTNNGupdates
NextGen-Channels,coralpayupdates_dev
NextGen-Channels,coralpayupdates_stage
NextGen-Channels,coralpayupdates
NextGen-Channels,main
NextGen-AdminPortal,coralpayupdates_dev
NextGen-AdminPortal,coralpayupdates_stage
NextGen-AdminPortal,coralpayupdates
NextGen-AdminPortal,dependabot/npm_and_yarn/bootstrap-5.0.0
NextGen-AdminPortal,dependabot/npm_and_yarn/micromatch-4.0.8
NextGen-AdminPortal,dependabot/npm_and_yarn/multi-06c100f89b
NextGen-AdminPortal,dependabot/npm_and_yarn/multi-9a0c2d0c96
NextGen-AdminPortal,dependabot/npm_and_yarn/multi-9423f4c335
NextGen-AdminPortal,dependabot/npm_and_yarn/multi-cf87d80143
NextGen-AdminPortal,dependabot/npm_and_yarn/multi-d66d039ac5
NextGen-AdminPortal,main
NextGen-MerchantPortal,coralpayupdates_dev
NextGen-MerchantPortal,coralpayupdates_stage
NextGen-MerchantPortal,coralpayupdates
NextGen-MerchantPortal,dependabot/npm_and_yarn/bootstrap-5.0.0
NextGen-MerchantPortal,dependabot/npm_and_yarn/http-cache-semantics-4.1.1
NextGen-MerchantPortal,dependabot/npm_and_yarn/json5-2.2.3
NextGen-MerchantPortal,dependabot/npm_and_yarn/micromatch-4.0.8
NextGen-MerchantPortal,dependabot/npm_and_yarn/multi-1d234c620e
NextGen-MerchantPortal,dependabot/npm_and_yarn/multi-06c100f89b
NextGen-MerchantPortal,dependabot/npm_and_yarn/multi-9a0c2d0c96
NextGen-MerchantPortal,dependabot/npm_and_yarn/multi-71c60f2d2e
NextGen-MerchantPortal,dependabot/npm_and_yarn/multi-9423f4c335
NextGen-MerchantPortal,dependabot/npm_and_yarn/multi-cf87d80143
NextGen-MerchantPortal,dependabot/npm_and_yarn/multi-d66d039ac5
NextGen-MerchantPortal,dependabot/npm_and_yarn/ua-parser-js-0.7.38
NextGen-MerchantPortal,main
NextGen-MerchantPortal,test
Nextgen-MomoIPRouter,coralpayupdates_dev
Nextgen-MomoIPRouter,coralpayupdates_stage
Nextgen-MomoIPRouter,coralpayupdates
Nextgen-MomoIPRouter,main
NextGen-Settlement,main
NextGen-UserMgt,coralpayupdates_dev
NextGen-UserMgt,coralpayupdates_stage
NextGen-UserMgt,coralpayupdates
NextGen-UserMgt,main
Capacity_Ops_AIFactory,No branches or repo not found
Social_Network_AIFactory,No branches or repo not found
Smartkiosk_websocket,dev
Smartkiosk_websocket,main
employee.bot.teams,dependabot/npm_and_yarn/axios-1.7.7
employee.bot.teams,dependabot/npm_and_yarn/express-4.20.0
employee.bot.teams,dependabot/npm_and_yarn/multi-f68e238b85
employee.bot.teams,dev
employee.bot.teams,main
employee.bot.teams,moses/dev
employee.bot.teams,stage
Radio_Optimization_AI,dev
Radio_Optimization_AI,main
Radio_Optimization_AI,stage
Fraud_Detection_AI,No branches or repo not found
enterprise_fe,No branches or repo not found
enterprise_be,dependabot/nuget/MTNExpirationAPI.Utility/System.IdentityModel.Tokens.Jwt-6.34.0
enterprise_be,dev
enterprise_be,main
SSP_MICRO_SERVICE,No branches or repo not found
SSP_DOC_MICROSERVICE,dependabot/npm_and_yarn/micromatch-4.0.8
SSP_DOC_MICROSERVICE,dependabot/npm_and_yarn/multi-5eb378ec3a
SSP_DOC_MICROSERVICE,dependabot/npm_and_yarn/multi-6ddc2c7951
SSP_DOC_MICROSERVICE,dependabot/npm_and_yarn/multi-24bbd5359e
SSP_DOC_MICROSERVICE,dependabot/npm_and_yarn/multi-4820e640fc
SSP_DOC_MICROSERVICE,dependabot/npm_and_yarn/multi-b2c9442a4c
SSP_DOC_MICROSERVICE,develop
SSP_DOC_MICROSERVICE,feat/swagger-documentation
SSP_DOC_MICROSERVICE,feature/get-documents
SSP_DOC_MICROSERVICE,feature/save-document
SSP_DOC_MICROSERVICE,main
SSP_TAS_MICROSERVICE,dependabot/npm_and_yarn/micromatch-4.0.8
SSP_TAS_MICROSERVICE,dependabot/npm_and_yarn/multi-5eb378ec3a
SSP_TAS_MICROSERVICE,dependabot/npm_and_yarn/multi-6ddc2c7951
SSP_TAS_MICROSERVICE,dependabot/npm_and_yarn/multi-24bbd5359e
SSP_TAS_MICROSERVICE,dependabot/npm_and_yarn/multi-4820e640fc
SSP_TAS_MICROSERVICE,dependabot/npm_and_yarn/multi-b2c9442a4c
SSP_TAS_MICROSERVICE,develop
SSP_TAS_MICROSERVICE,feature/auth
SSP_TAS_MICROSERVICE,main
SSP_TAS_MICROSERVICE,stage
SSP_PAYMENT_MICROSERVICE,develop
SSP_PAYMENT_MICROSERVICE,main
SSP_USER_MICROSERVICE,No branches or repo not found
MTN-FaceMatch,dev
MTN-FaceMatch,main
CRBT_Subscription_API,No branches or repo not found
LCMS_Frontend,afolabi
LCMS_Frontend,dependabot/npm_and_yarn/next-14.2.10
LCMS_Frontend,dev
LCMS_Frontend,main
LCMS_Frontend,stage
LCMS_Backend,dependabot/npm_and_yarn/multi-24bbd5359e
LCMS_Backend,dev
LCMS_Backend,main
LCMS_Backend,stage
Customer_SIM_Verification_API_v1.0,No branches or repo not found
Digital_Lending_CDAL_API,No branches or repo not found
mySMEVille_Service_Management_API,No branches or repo not found
Silent_Mobile_Verfication_API,No branches or repo not found
Coupon_Management_API_v1,No branches or repo not found
Group_Data_Share_API,No branches or repo not found
Managed_NIN,No branches or repo not found
Reward_Management_API_V1,No branches or repo not found
Reward_Management_API_V2,No branches or repo not found
Subscription_V2_API,No branches or repo not found
Trouble_Ticket_API_V2,No branches or repo not found
Customer_Management_NG_API,No branches or repo not found
Shopping_Cart_Management_API,No branches or repo not found
Usage_Consumption_API,No branches or repo not found
Biosmart_Connector_API_v1,No branches or repo not found
BluSalt_Connector_API,No branches or repo not found
ContactLess_API,No branches or repo not found
Product_Catalog_API,No branches or repo not found
Product_Inventory_API,No branches or repo not found
Alternate_Notification_API,No branches or repo not found
Email_Service_API,No branches or repo not found
SMS_API_v3.0,No branches or repo not found
Caller_Feel_Signature_API,No branches or repo not found
Caller_Feel_Status_API,No branches or repo not found
Customer_Data_Share_API,No branches or repo not found
Manifestation_API,No branches or repo not found
Notification_API_v1.0,No branches or repo not found
Payment_API,No branches or repo not found
Balance_Management_API,No branches or repo not found
Fleet_Management_API_v1,No branches or repo not found
Product_Inventory_Management_API,No branches or repo not found
Shipment_Receipt_Confirmation_API_v1,No branches or repo not found
Account_Management_API,No branches or repo not found
Customer_Management_API,No branches or repo not found
Order_Fulfillment_API,No branches or repo not found
Product_Catalog_Management_API,No branches or repo not found
Service_Ordering_Management_API_V1.0,No branches or repo not found
Share_N_Shell,No branches or repo not found
HNODE_NIN_Integration,No branches or repo not found
Sim_Management_API,No branches or repo not found
madapi-mtn-comviva-subscription-tone-profile-sytem,dependabot/maven/commons-io-commons-io-2.7
madapi-mtn-comviva-subscription-tone-profile-sytem,dependabot/maven/xerces-xercesImpl-2.12.2
madapi-mtn-comviva-subscription-tone-profile-sytem,development
madapi-mtn-comviva-subscription-tone-profile-sytem,main
madapi-mtn-comviva-subscription-tone-profile-sytem,master
madapi-mtn-gds-clm-system,development
madapi-mtn-gds-clm-system,main
madapi-mtn-gds-clm-system,release
madapi-mtn-nin-aggregator,dependabot/maven/xerces-xercesImpl-2.12.2
madapi-mtn-nin-aggregator,development
madapi-mtn-nin-aggregator,main
madapi-mtn-nin-aggregator,master
madapi-mtn-nin-aggregator,release
madapi-mtn-nin-clm-system,dependabot/maven/commons-io-commons-io-2.7
madapi-mtn-nin-clm-system,development
madapi-mtn-nin-clm-system,main
madapi-mtn-nin-clm-system,release
madapi-mtn-nin-clm-system,springboot-upgrade
madapi-mtn-daas-consumption-summary-aggregator,development
madapi-mtn-daas-consumption-summary-aggregator,main
madapi-mtn-daas-consumption-summary-aggregator,master
madapi-mtn-blusalt-api-system,dependabot/maven/xerces-xercesImpl-2.12.2
madapi-mtn-blusalt-api-system,development
madapi-mtn-blusalt-api-system,main
madapi-mtn-blusalt-api-system,master
madapi-mtn-blusalt-api-system,release
madapi-mtn-biosmart-api-system,dependabot/maven/xerces-xercesImpl-2.12.2
madapi-mtn-biosmart-api-system,development
madapi-mtn-biosmart-api-system,main
madapi-mtn-biosmart-api-system,master
madapi-mtn-biosmart-api-system,release
madapi-mtn-contactless-api-system,development
madapi-mtn-contactless-api-system,main
madapi-mtn-contactless-api-system,master
madapi-mtn-contactless-api-system,release
madapi-mtn-metamorphose-product-inventory-system,development
madapi-mtn-metamorphose-product-inventory-system,main
madapi-mtn-metamorphose-product-inventory-system,release
madapi-mtn-email-system-push,main
madapi-mtn-ccaas-dass-job-id-system,development
madapi-mtn-ccaas-dass-job-id-system,main
madapi-mtn-ccaas-dass-job-id-system,master
madapi-mtn-ccaas-dass-job-id-system,release
madapi-mtn-tmf685-resource-pool-management-aggregator,development
madapi-mtn-tmf685-resource-pool-management-aggregator,main
madapi-mtn-tmf685-resource-pool-management-aggregator,release
messaging-sms-system-push-multiple,main
product-ordering-cis-system,main
TMF_678_tmf-madapi-customer-bill-management-aggregator-v1,development
TMF_678_tmf-madapi-customer-bill-management-aggregator-v1,feature/moveCode
TMF_678_tmf-madapi-customer-bill-management-aggregator-v1,main
madapi-mtn-customer-profile-aggregator,main
madapi-mtn-eset-notification-aggregator,main
